INFO 2024-07-08 05:34:48,146 views 823667 139209126738816 User 'admin@gmail.com' logged in.
INFO 2024-07-08 13:29:30,312 views 823667 139209126738816 User 'ramu@gmail.com' logged in.
INFO 2024-07-08 14:32:50,635 views 823667 139209126738816 User 'aasundar@gmail.com' logged in.
INFO 2024-07-09 09:08:57,619 views 823664 139209126738816 User 'admin@gmail.com' logged in.
INFO 2024-07-09 14:41:19,400 views 823667 139209126738816 User 'aasundar@gmail.com' logged in.
INFO 2024-07-11 11:38:10,583 views 823663 139209126738816 User 'siva@gmail.com' logged in.
INFO 2024-07-13 11:55:07,317 views 823663 139209126738816 User 'admin@gmail.com' logged in.
INFO 2024-07-14 01:18:14,997 views 823667 139209126738816 User 'master@gmail.com' logged in.
INFO 2024-07-14 05:37:13,402 views 823665 139209126738816 User 'admin@gmail.com' logged in.
WARNING 2024-07-14 05:51:22,748 views 823663 139209126738816 Login attempt failed for user '.
WARNING 2024-07-14 05:51:50,670 views 823666 139209126738816 Login attempt failed for user '.
WARNING 2024-07-14 05:52:16,774 views 823663 139209126738816 Login attempt failed for user '.
INFO 2024-07-14 05:52:36,899 views 823667 139209126738816 User 'admin@gmail.com' logged in.
INFO 2024-07-14 05:56:18,892 views 823667 139209126738816 User 'sathiamoorthy@gmail.com' logged in.
INFO 2024-07-14 05:57:13,028 views 823663 139209126738816 User 'admin@gmail.com' logged in.
INFO 2024-07-14 05:58:44,199 views 823666 139209126738816 User 'sathiamoorthy@gmail.com' logged in.
WARNING 2024-07-14 05:59:42,872 views 823667 139209126738816 Login attempt failed for user 'vijay@gmail.com'.
INFO 2024-07-14 06:00:10,552 views 823663 139209126738816 User 'master@gmail.com' logged in.
INFO 2024-07-14 06:41:53,905 views 823667 139209126738816 User 'admin@gmail.com' logged in.
INFO 2024-07-14 13:44:21,055 views 823667 139209126738816 User 'ramu@gmail.com' logged in.
INFO 2024-07-14 14:05:35,753 views 823667 139209126738816 User 'ramu@gmail.com' logged in.
INFO 2024-07-14 16:51:04,944 views 823663 139209126738816 User 'aasundar@gmail.com' logged in.
INFO 2024-07-15 02:49:30,217 views 823665 139209126738816 User 'master@gmail.com' logged in.
INFO 2024-07-15 05:19:25,356 views 823667 139209126738816 User 'siva@gmail.com' logged in.
INFO 2024-07-15 06:31:50,347 views 823663 139209126738816 User 'admin@gmail.com' logged in.
WARNING 2024-07-15 07:55:34,907 views 823663 139209126738816 Login attempt failed for user 'ananthisubash@gmail.com'.
INFO 2024-07-15 07:56:18,653 views 823667 139209126738816 User 'ananthisubash@gmail.com' logged in.
INFO 2024-07-15 07:57:13,388 views 823666 139209126738816 User 'aasundar@gmail.com' logged in.
INFO 2024-07-15 11:09:12,072 views 823667 139209126738816 User 'ramu@gmail.com' logged in.
INFO 2024-07-15 13:58:04,321 views 823664 139209126738816 User 'master@gmail.com' logged in.
INFO 2024-07-15 14:07:01,824 views 823667 139209126738816 User 'aasundar@gmail.com' logged in.
INFO 2024-07-15 14:48:56,094 views 823666 139209126738816 User 'master@gmail.com' logged in.
INFO 2024-07-15 14:58:48,258 views 823663 139209126738816 User 'aasundar@gmail.com' logged in.
INFO 2024-07-15 14:59:41,094 views 823665 139209126738816 User 'aasundar@gmail.com' logged in.
INFO 2024-07-15 15:26:41,083 views 823667 139209126738816 User 'aasundar@gmail.com' logged in.
INFO 2024-07-16 04:44:36,457 views 823663 139209126738816 User 'aasundar@gmail.com' logged in.
INFO 2024-07-16 04:58:21,289 views 823664 139209126738816 User 'aasundar@gmail.com' logged in.
INFO 2024-07-16 04:58:39,176 views 823663 139209126738816 User 'admin@gmail.com' logged in.
INFO 2024-07-16 08:31:15,920 views 823667 139209126738816 User 'admin@gmail.com' logged in.
INFO 2024-07-16 15:43:35,443 views 823665 139209126738816 User 'admin@gmail.com' logged in.
INFO 2024-07-17 12:49:29,112 views 823667 139209126738816 User 'admin@gmail.com' logged in.
INFO 2024-07-17 12:49:44,954 views 823667 139209126738816 User 'admin@gmail.com' logged in.
INFO 2024-07-18 12:33:52,500 views 823667 139209126738816 User 'ramu@gmail.com' logged in.
INFO 2024-07-18 14:05:21,844 views 823664 139209126738816 User 'aasundar@gmail.com' logged in.
INFO 2024-07-19 05:42:45,636 views 823667 139209126738816 User 'siva@gmail.com' logged in.
INFO 2024-07-19 07:44:52,854 views 823667 139209126738816 User 'admin@gmail.com' logged in.
INFO 2024-07-19 14:34:28,430 views 823667 139209126738816 User 'ramu@gmail.com' logged in.
INFO 2024-07-20 15:33:37,664 views 823667 139209126738816 User 'aasundar@gmail.com' logged in.
INFO 2024-07-21 02:06:17,915 views 823667 139209126738816 User 'admin@gmail.com' logged in.
INFO 2024-07-21 13:56:49,754 views 823667 139209126738816 User 'aasundar@gmail.com' logged in.
INFO 2024-07-21 13:57:16,509 views 823665 139209126738816 User 'admin@gmail.com' logged in.
INFO 2024-07-21 13:59:51,466 views 823665 139209126738816 User 'aasundar@gmail.com' logged in.
INFO 2024-07-21 15:21:15,276 views 823667 139209126738816 User 'admin@gmail.com' logged in.
INFO 2024-07-21 16:47:59,794 views 823665 139209126738816 User 'aasundar@gmail.com' logged in.
INFO 2024-07-21 16:50:17,628 views 823667 139209126738816 User 'aasundar@gmail.com' logged in.
INFO 2024-07-22 04:22:59,040 views 823664 139209126738816 User 'siva@gmail.com' logged in.
INFO 2024-07-22 14:00:20,411 views 823667 139209126738816 User 'ramu@gmail.com' logged in.
INFO 2024-07-24 02:23:08,314 views 823667 139209126738816 User 'ramu@gmail.com' logged in.
INFO 2024-07-24 02:24:22,943 views 823667 139209126738816 User 'ramu@gmail.com' logged in.
INFO 2024-07-25 09:52:24,925 views 823667 139209126738816 User 'siva@gmail.com' logged in.
INFO 2024-07-26 06:08:46,902 views 823663 139209126738816 User 'admin@gmail.com' logged in.
INFO 2024-07-28 13:32:46,352 views 823667 139209126738816 User 'ramu@gmail.com' logged in.
INFO 2024-07-28 13:32:58,137 views 823666 139209126738816 User 'admin@gmail.com' logged in.
INFO 2024-07-28 14:23:37,305 views 823667 139209126738816 User 'aasundar@gmail.com' logged in.
INFO 2024-07-28 15:52:59,760 views 823667 139209126738816 User 'admin@gmail.com' logged in.
INFO 2024-07-30 10:54:06,027 views 823664 139209126738816 User 'siva@gmail.com' logged in.
INFO 2024-08-01 03:47:19,723 views 823666 139209126738816 User 'aasundar@gmail.com' logged in.
INFO 2024-08-01 03:50:13,625 views 823666 139209126738816 User 'naveen@gmail.com' logged in.
INFO 2024-08-01 03:58:32,611 views 823667 139209126738816 User 'senthil@gmail.com' logged in.
INFO 2024-08-01 04:06:40,310 views 823663 139209126738816 User 'senthil@gmail.com' logged in.
INFO 2024-08-01 04:08:16,981 views 823665 139209126738816 User 'aasundar@gmail.com' logged in.
INFO 2024-08-01 04:08:36,303 views 823664 139209126738816 User 'admin@gmail.com' logged in.
INFO 2024-08-01 04:18:08,463 views 823667 139209126738816 User 'senthil@gmail.com' logged in.
INFO 2024-08-01 09:47:05,442 views 823667 139209126738816 User 'ramu@gmail.com' logged in.
INFO 2024-08-02 02:38:12,174 views 823663 139209126738816 User 'admin@gmail.com' logged in.
INFO 2024-08-02 03:08:29,151 views 823666 139209126738816 User 'admin@gmail.com' logged in.
INFO 2024-08-02 03:55:10,947 views 823663 139209126738816 User 'admin@gmail.com' logged in.
INFO 2024-08-02 04:14:15,593 views 823667 139209126738816 User 'admin@gmail.com' logged in.
INFO 2024-08-02 04:38:00,168 views 823667 139209126738816 User 'naveen@gmail.com' logged in.
INFO 2024-08-02 05:01:58,907 views 823665 139209126738816 User 'aasundar@gmail.com' logged in.
INFO 2024-08-02 05:34:32,088 views 823667 139209126738816 User 'aasundar@gmail.com' logged in.
INFO 2024-08-02 09:21:16,073 views 823667 139209126738816 User 'admin@gmail.com' logged in.
INFO 2024-08-02 11:41:28,994 views 823667 139209126738816 User 'admin@gmail.com' logged in.
INFO 2024-08-02 11:46:59,276 views 823664 139209126738816 User 'admin@gmail.com' logged in.
INFO 2024-08-02 13:53:33,368 views 823667 139209126738816 User 'senthil@gmail.com' logged in.
INFO 2024-08-03 03:27:12,275 views 823667 139209126738816 User 'admin@gmail.com' logged in.
INFO 2024-08-03 03:27:56,956 views 823667 139209126738816 User 'aasundar@gmail.com' logged in.
INFO 2024-08-03 05:14:11,180 views 823667 139209126738816 User 'ananthisubash@gmail.com' logged in.
INFO 2024-08-03 05:16:28,510 views 823667 139209126738816 User 'admin@gmail.com' logged in.
INFO 2024-08-03 06:12:30,900 views 823664 139209126738816 User 'admin@gmail.com' logged in.
INFO 2024-08-03 12:49:17,666 views 823667 139209126738816 User 'naveen@gmail.com' logged in.
INFO 2024-08-03 14:47:50,930 views 823667 139209126738816 User 'admin@gmail.com' logged in.
INFO 2024-08-03 14:50:45,026 views 823667 139209126738816 User 'admin@gmail.com' logged in.
WARNING 2024-08-04 03:17:11,632 views 823664 139209126738816 Login attempt failed for user '.
INFO 2024-08-04 03:24:03,644 views 823665 139209126738816 User 'admin@gmail.com' logged in.
INFO 2024-08-04 03:26:51,992 views 823667 139209126738816 User 'sundar@gmail.com' logged in.
INFO 2024-08-04 04:20:57,812 views 823667 139209126738816 User 'aasundar@gmail.com' logged in.
INFO 2024-08-04 04:21:39,553 views 823667 139209126738816 User 'ramu@gmail.com' logged in.
INFO 2024-08-04 08:41:04,912 views 823667 139209126738816 User 'senthil@gmail.com' logged in.
INFO 2024-08-04 14:02:55,288 views 823664 139209126738816 User 'admin@gmail.com' logged in.
INFO 2024-08-04 14:53:30,412 views 823666 139209126738816 User 'ramu@gmail.com' logged in.
INFO 2024-08-05 01:03:07,999 views 823667 139209126738816 User 'aasundar@gmail.com' logged in.
INFO 2024-08-05 01:53:34,001 views 823665 139209126738816 User 'aasundar@gmail.com' logged in.
INFO 2024-08-05 02:22:54,233 views 823667 139209126738816 User 'admin@gmail.com' logged in.
INFO 2024-08-05 02:25:07,133 views 823664 139209126738816 User 'sundar@gmail.com' logged in.
INFO 2024-08-05 06:01:13,001 views 823665 139209126738816 User 'senthil@gmail.com' logged in.
INFO 2024-08-05 13:05:50,664 views 823664 139209126738816 User 'ramu@gmail.com' logged in.
INFO 2024-08-06 07:46:45,254 views 823666 139209126738816 User 'ananthisubash@gmail.com' logged in.
INFO 2024-08-06 08:12:52,271 views 823664 139209126738816 User 'admin@gmail.com' logged in.
INFO 2024-08-08 06:23:43,009 views 823666 139209126738816 User 'siva@gmail.com' logged in.
INFO 2024-08-08 12:14:34,063 views 823667 139209126738816 User 'admin@gmail.com' logged in.
INFO 2024-08-10 13:43:27,732 views 823667 139209126738816 User 'admin@gmail.com' logged in.
INFO 2024-08-11 05:53:04,420 views 823666 139209126738816 User 'master@gmail.com' logged in.
INFO 2024-08-11 05:53:14,590 views 823667 139209126738816 User 'admin@gmail.com' logged in.
INFO 2024-08-11 15:32:54,045 views 823666 139209126738816 User 'admin@gmail.com' logged in.
INFO 2024-08-12 04:08:22,963 views 823667 139209126738816 User 'ramu@gmail.com' logged in.
INFO 2024-08-12 04:44:59,369 views 823664 139209126738816 User 'senthil@gmail.com' logged in.
WARNING 2024-08-12 07:41:26,239 views 823665 139209126738816 Login attempt failed for user '.
WARNING 2024-08-12 07:41:46,018 views 823667 139209126738816 Login attempt failed for user '.
INFO 2024-08-12 07:42:16,737 views 823663 139209126738816 User 'ananthisubash@gmail.com' logged in.
INFO 2024-08-12 14:49:07,344 views 823664 139209126738816 User 'admin@gmail.com' logged in.
INFO 2024-08-13 13:11:22,316 views 823667 139209126738816 User 'ramu@gmail.com' logged in.
INFO 2024-08-14 08:26:47,194 views 823664 139209126738816 User 'ananthisubash@gmail.com' logged in.
INFO 2024-08-14 09:07:36,952 views 823667 139209126738816 User 'admin@gmail.com' logged in.
INFO 2024-08-15 13:57:03,076 views 823667 139209126738816 User 'naveen@gmail.com' logged in.
INFO 2024-08-15 14:17:42,837 views 823667 139209126738816 User 'aasundar@gmail.com' logged in.
INFO 2024-08-16 02:37:57,117 views 823663 139209126738816 User 'senthil@gmail.com' logged in.
INFO 2024-08-18 12:51:28,309 views 823664 139209126738816 User 'aasundar@gmail.com' logged in.
INFO 2024-08-18 12:51:44,575 views 823665 139209126738816 User 'admin@gmail.com' logged in.
INFO 2024-08-19 03:39:11,192 views 823667 139209126738816 User 'aasundar@gmail.com' logged in.
INFO 2024-08-19 03:39:46,122 views 823663 139209126738816 User 'admin@gmail.com' logged in.
INFO 2024-08-19 06:37:04,520 views 823667 139209126738816 User 'ananthisubash@gmail.com' logged in.
INFO 2024-08-20 11:04:23,252 views 823664 139209126738816 User 'senthil@gmail.com' logged in.
INFO 2024-08-20 13:50:41,061 views 823667 139209126738816 User 'ramu@gmail.com' logged in.
INFO 2024-08-21 10:19:38,280 views 823663 139209126738816 User 'admin@gmail.com' logged in.
INFO 2024-08-21 10:20:10,148 views 823667 139209126738816 User 'admin@gmail.com' logged in.
INFO 2024-08-22 12:22:39,336 views 823667 139209126738816 User 'admin@gmail.com' logged in.
INFO 2024-08-22 12:23:17,564 views 823663 139209126738816 User 'admin@gmail.com' logged in.
INFO 2024-08-22 15:40:31,399 views 823667 139209126738816 User 'ramu@gmail.com' logged in.
INFO 2024-08-23 08:54:24,526 views 823667 139209126738816 User 'admin@gmail.com' logged in.
INFO 2024-08-23 08:55:37,588 views 823667 139209126738816 User 'aasundar@gmail.com' logged in.
INFO 2024-08-23 09:04:00,243 views 823667 139209126738816 User 'admin@gmail.com' logged in.
INFO 2024-08-23 12:36:08,986 views 823667 139209126738816 User 'naveen@gmail.com' logged in.
INFO 2024-08-23 12:56:29,073 views 823663 139209126738816 User 'aasundar@gmail.com' logged in.
INFO 2024-08-23 14:25:45,299 views 823665 139209126738816 User 'senthil@gmail.com' logged in.
INFO 2024-08-23 15:52:37,316 views 823663 139209126738816 User 'aasundar@gmail.com' logged in.
INFO 2024-08-23 15:52:57,895 views 823664 139209126738816 User 'siva@gmail.com' logged in.
INFO 2024-08-24 05:08:23,001 views 823665 139209126738816 User 'ramu@gmail.com' logged in.
INFO 2024-08-24 05:10:23,708 views 823666 139209126738816 User 'aasundar@gmail.com' logged in.
INFO 2024-08-25 11:11:10,637 views 823664 139209126738816 User 'aasundar@gmail.com' logged in.
INFO 2024-08-25 12:52:08,200 views 823667 139209126738816 User 'admin@gmail.com' logged in.
INFO 2024-08-26 04:03:31,369 views 823667 139209126738816 User 'aasundar@gmail.com' logged in.
INFO 2024-08-26 04:04:09,365 views 823667 139209126738816 User 'siva@gmail.com' logged in.
INFO 2024-08-27 09:27:21,810 views 823665 139209126738816 User 'ananthisubash@gmail.com' logged in.
INFO 2024-08-28 03:52:05,079 views 823663 139209126738816 User 'ramu@gmail.com' logged in.
INFO 2024-08-28 17:24:36,487 views 823667 139209126738816 User 'senthil@gmail.com' logged in.
INFO 2024-08-31 07:07:38,673 views 823667 139209126738816 User 'senthil@gmail.com' logged in.
INFO 2024-09-04 07:12:47,032 views 788 138404705663872 User 'admin@gmail.com' logged in.
WARNING 2024-09-04 07:12:51,981 views 791 138404705663872 Login attempt failed for user '.
INFO 2024-09-04 07:13:52,703 views 789 138404705663872 User 'master@gmail.com' logged in.
INFO 2024-09-04 10:46:10,783 views 793 138404705663872 User 'admin@gmail.com' logged in.
INFO 2024-09-04 14:23:13,683 views 791 138404705663872 User 'naveen@gmail.com' logged in.
INFO 2024-09-05 13:25:27,753 views 793 138404705663872 User 'naveen@gmail.com' logged in.
INFO 2024-09-05 15:34:14,626 views 793 138404705663872 User 'admin@gmail.com' logged in.
INFO 2024-09-06 02:19:01,342 views 790 138404705663872 User 'ramu@gmail.com' logged in.
INFO 2024-09-06 02:53:58,295 views 788 138404705663872 User 'ramu@gmail.com' logged in.
WARNING 2024-09-06 03:28:00,387 views 789 138404705663872 Login attempt failed for user 'aasundar@gmail.com'.
INFO 2024-09-06 07:56:14,623 views 789 138404705663872 User 'aasundar@gmail.com' logged in.
INFO 2024-09-06 08:03:22,696 views 788 138404705663872 User 'siva@gmail.com' logged in.
INFO 2024-09-06 08:49:37,736 views 789 138404705663872 User 'admin@gmail.com' logged in.
INFO 2024-09-06 08:53:54,938 views 789 138404705663872 User 'ananthisubash@gmail.com' logged in.
INFO 2024-09-06 11:03:38,240 views 793 138404705663872 User 'admin@gmail.com' logged in.
INFO 2024-09-06 11:59:20,948 views 793 138404705663872 User 'aasundar@gmail.com' logged in.
INFO 2024-09-06 12:26:04,211 views 789 138404705663872 User 'naveen@gmail.com' logged in.
INFO 2024-09-06 12:54:27,976 views 789 138404705663872 User 'admin@gmail.com' logged in.
INFO 2024-09-06 13:05:04,700 views 793 138404705663872 User 'naveen@gmail.com' logged in.
INFO 2024-09-06 13:10:54,866 views 793 138404705663872 User 'naveen@gmail.com' logged in.
INFO 2024-09-06 15:08:34,463 views 790 138404705663872 User 'admin@gmail.com' logged in.
INFO 2024-09-08 12:09:34,394 views 790 138404705663872 User 'admin@gmail.com' logged in.
INFO 2024-09-08 12:27:34,964 views 793 138404705663872 User 'senthil@gmail.com' logged in.
INFO 2024-09-08 12:40:40,308 views 790 138404705663872 User 'ramu@gmail.com' logged in.
INFO 2024-09-08 16:36:59,665 views 789 138404705663872 User 'admin@gmail.com' logged in.
INFO 2024-09-09 13:56:47,425 views 793 138404705663872 User 'admin@gmail.com' logged in.
INFO 2024-09-09 13:58:52,794 views 789 138404705663872 User 'naveen@gmail.com' logged in.
INFO 2024-09-09 17:05:47,612 views 788 138404705663872 User 'admin@gmail.com' logged in.
INFO 2024-09-10 08:08:56,295 views 791 138404705663872 User 'siva@gmail.com' logged in.
INFO 2024-09-10 10:17:39,507 views 793 138404705663872 User 'admin@gmail.com' logged in.
INFO 2024-09-10 10:24:57,757 views 790 138404705663872 User 'ananthisubash@gmail.com' logged in.
INFO 2024-09-10 13:26:56,696 views 790 138404705663872 User 'admin@gmail.com' logged in.
WARNING 2024-09-10 14:56:42,385 views 789 138404705663872 Login attempt failed for user 'admin@gmail.com'.
INFO 2024-09-10 14:57:28,319 views 791 138404705663872 User 'admin@gmail.com' logged in.
INFO 2024-09-11 06:33:07,803 views 793 138404705663872 User 'admin@gmail.com' logged in.
INFO 2024-09-11 06:42:16,618 views 793 138404705663872 User 'admin@gmail.com' logged in.
INFO 2024-09-11 08:23:33,673 views 789 138404705663872 User 'senthil@gmail.com' logged in.
INFO 2024-09-11 19:08:45,586 views 788 138404705663872 User 'admin@gmail.com' logged in.
WARNING 2024-09-12 05:08:55,333 views 793 138404705663872 Login attempt failed for user 'admin@gmail.com'.
INFO 2024-09-12 05:09:33,812 views 791 138404705663872 User 'admin@gmail.com' logged in.
INFO 2024-09-12 05:17:49,408 views 793 138404705663872 User 'admin@gmail.com' logged in.
INFO 2024-09-12 05:18:22,612 views 789 138404705663872 User 'admin@gmail.com' logged in.
INFO 2024-09-12 05:20:40,136 views 791 138404705663872 User 'admin@gmail.com' logged in.
INFO 2024-09-12 05:38:27,091 views 788 138404705663872 User 'admin@gmail.com' logged in.
INFO 2024-09-12 06:51:06,694 views 793 138404705663872 User 'admin@gmail.com' logged in.
INFO 2024-09-12 16:51:58,633 views 793 138404705663872 User 'admin@gmail.com' logged in.
INFO 2024-09-12 17:07:02,634 views 790 138404705663872 User 'admin@gmail.com' logged in.
INFO 2024-09-13 04:14:56,469 views 791 138404705663872 User 'admin@gmail.com' logged in.
INFO 2024-09-13 16:23:06,869 views 793 138404705663872 User 'ramu@gmail.com' logged in.
INFO 2024-09-13 16:45:02,541 views 791 138404705663872 User 'admin@gmail.com' logged in.
INFO 2024-09-13 17:00:16,870 views 789 138404705663872 User 'admin@gmail.com' logged in.
INFO 2024-09-14 04:13:31,913 views 791 138404705663872 User 'admin@gmail.com' logged in.
INFO 2024-09-14 04:20:32,154 views 793 138404705663872 User 'admin@gmail.com' logged in.
INFO 2024-09-14 04:25:30,471 views 788 138404705663872 User 'admin@gmail.com' logged in.
INFO 2024-09-14 07:15:07,824 views 790 138404705663872 User 'admin@gmail.com' logged in.
INFO 2024-09-14 12:28:00,696 views 791 138404705663872 User 'naveen@gmail.com' logged in.
INFO 2024-09-15 06:51:45,575 views 790 138404705663872 User 'master@gmail.com' logged in.
INFO 2024-09-15 07:42:50,858 views 791 138404705663872 User 'senthil@gmail.com' logged in.
INFO 2024-09-15 09:29:27,523 views 788 138404705663872 User 'admin@gmail.com' logged in.
INFO 2024-09-16 05:23:34,552 views 788 138404705663872 User 'admin@gmail.com' logged in.
INFO 2024-09-16 07:42:35,270 views 791 138404705663872 User 'siva@gmail.com' logged in.
INFO 2024-09-16 09:10:12,297 views 791 138404705663872 User 'ananthisubash@gmail.com' logged in.
INFO 2024-09-16 14:10:06,853 views 791 138404705663872 User 'admin@gmail.com' logged in.
INFO 2024-09-17 12:03:51,105 views 793 138404705663872 User 'siva@gmail.com' logged in.
INFO 2024-09-17 12:04:43,663 views 793 138404705663872 User 'ramu@gmail.com' logged in.
INFO 2024-09-17 15:39:46,963 views 793 138404705663872 User 'senthil@gmail.com' logged in.
INFO 2024-09-18 09:34:37,027 views 788 138404705663872 User 'admin@gmail.com' logged in.
INFO 2024-09-19 06:00:14,846 views 791 138404705663872 User 'admin@gmail.com' logged in.
INFO 2024-09-19 09:40:13,769 views 791 138404705663872 User 'ananthisubash@gmail.com' logged in.
INFO 2024-09-19 11:58:40,295 views 793 138404705663872 User 'admin@gmail.com' logged in.
INFO 2024-09-20 12:19:55,619 views 791 138404705663872 User 'admin@gmail.com' logged in.
INFO 2024-09-21 08:26:47,654 views 788 138404705663872 User 'admin@gmail.com' logged in.
INFO 2024-09-21 08:27:20,768 views 788 138404705663872 User 'admin@gmail.com' logged in.
INFO 2024-09-21 08:28:17,420 views 789 138404705663872 User 'naveen@gmail.com' logged in.
INFO 2024-09-21 08:28:40,230 views 788 138404705663872 User 'naveen@gmail.com' logged in.
INFO 2024-09-21 08:31:57,750 views 788 138404705663872 User 'admin@gmail.com' logged in.
INFO 2024-09-21 13:09:25,503 views 789 138404705663872 User 'admin@gmail.com' logged in.
INFO 2024-09-21 14:53:59,595 views 790 138404705663872 User 'senthil@gmail.com' logged in.
INFO 2024-09-23 04:43:45,366 views 789 138404705663872 User 'ramu@gmail.com' logged in.
INFO 2024-09-24 03:21:53,980 views 788 138404705663872 User 'admin@gmail.com' logged in.
INFO 2024-09-24 03:22:52,456 views 793 138404705663872 User 'aasundar@gmail.com' logged in.
INFO 2024-09-24 03:23:02,045 views 791 138404705663872 User 'naveen@gmail.com' logged in.
INFO 2024-09-24 03:25:19,101 views 793 138404705663872 User 'aasundar@gmail.com' logged in.
INFO 2024-09-24 04:56:29,756 views 790 138404705663872 User 'ananthisubash@gmail.com' logged in.
INFO 2024-09-24 04:59:11,487 views 790 138404705663872 User 'naveen@gmail.com' logged in.
INFO 2024-09-24 05:01:30,608 views 793 138404705663872 User 'ananthisubash@gmail.com' logged in.
INFO 2024-09-24 05:03:18,940 views 793 138404705663872 User 'naveen@gmail.com' logged in.
INFO 2024-09-24 05:26:08,533 views 791 138404705663872 User 'ananthisubash@gmail.com' logged in.
INFO 2024-09-24 12:50:50,693 views 791 138404705663872 User 'siva@gmail.com' logged in.
INFO 2024-09-24 17:54:52,458 views 788 138404705663872 User 'admin@gmail.com' logged in.
INFO 2024-09-25 06:25:40,489 views 793 138404705663872 User 'admin@gmail.com' logged in.
INFO 2024-09-26 08:01:01,902 views 789 138404705663872 User 'admin@gmail.com' logged in.
INFO 2024-09-27 03:50:32,466 views 791 138404705663872 User 'senthil@gmail.com' logged in.
INFO 2024-09-28 10:38:15,748 views 791 138404705663872 User 'ananthisubash@gmail.com' logged in.
INFO 2024-09-29 14:44:45,343 views 791 138404705663872 User 'admin@gmail.com' logged in.
INFO 2024-09-29 16:26:23,108 views 791 138404705663872 User 'master@gmail.com' logged in.
INFO 2024-10-01 12:42:56,629 views 793 138404705663872 User 'siva@gmail.com' logged in.
INFO 2024-10-01 17:01:42,852 views 788 138404705663872 User 'admin@gmail.com' logged in.
INFO 2024-10-02 03:06:47,103 views 790 138404705663872 User 'ramu@gmail.com' logged in.
INFO 2024-10-02 05:52:36,947 views 791 138404705663872 User 'senthil@gmail.com' logged in.
INFO 2024-10-03 03:07:24,941 views 791 138404705663872 User 'naveen@gmail.com' logged in.
INFO 2024-10-03 04:15:53,184 views 791 138404705663872 User 'admin@gmail.com' logged in.
INFO 2024-10-03 04:36:32,218 views 791 138404705663872 User 'ramu@gmail.com' logged in.
INFO 2024-10-03 05:46:58,696 views 788 138404705663872 User 'ananthisubash@gmail.com' logged in.
INFO 2024-10-03 12:27:26,378 views 793 138404705663872 User 'admin@gmail.com' logged in.
INFO 2024-10-03 12:44:37,759 views 789 138404705663872 User 'admin@gmail.com' logged in.
INFO 2024-10-03 12:54:40,389 views 790 138404705663872 User 'senthil@gmail.com' logged in.
INFO 2024-10-03 13:01:35,282 views 793 138404705663872 User 'aasundar@gmail.com' logged in.
INFO 2024-10-04 03:05:55,428 views 793 138404705663872 User 'naveen@gmail.com' logged in.
INFO 2024-10-04 03:19:31,097 views 789 138404705663872 User 'aasundar@gmail.com' logged in.
WARNING 2024-10-04 04:37:49,587 views 793 138404705663872 Login attempt failed for user '.
INFO 2024-10-04 04:38:27,168 views 793 138404705663872 User 'admin@gmail.com' logged in.
INFO 2024-10-05 04:20:01,269 views 789 138404705663872 User 'siva@gmail.com' logged in.
INFO 2024-10-05 04:54:05,997 views 789 138404705663872 User 'admin@gmail.com' logged in.
INFO 2024-10-05 06:50:52,935 views 793 138404705663872 User 'admin@gmail.com' logged in.
INFO 2024-10-05 06:53:57,406 views 793 138404705663872 User 'admin@gmail.com' logged in.
INFO 2024-10-05 07:00:34,467 views 793 138404705663872 User 'admin@gmail.com' logged in.
INFO 2024-10-05 07:01:08,543 views 793 138404705663872 User 'admin@gmail.com' logged in.
INFO 2024-10-05 07:02:32,698 views 791 138404705663872 User 'admin@gmail.com' logged in.
INFO 2024-10-05 10:19:37,847 views 791 138404705663872 User 'admin@gmail.com' logged in.
INFO 2024-10-05 13:22:34,951 views 788 138404705663872 User 'ramu@gmail.com' logged in.
INFO 2024-10-06 12:59:07,690 views 791 138404705663872 User 'admin@gmail.com' logged in.
INFO 2024-10-06 13:11:52,071 views 789 138404705663872 User 'ramu@gmail.com' logged in.
INFO 2024-10-06 15:01:25,325 views 790 138404705663872 User 'aasundar@gmail.com' logged in.
INFO 2024-10-06 15:18:53,748 views 790 138404705663872 User 'admin@gmail.com' logged in.
INFO 2024-10-07 02:50:53,040 views 789 138404705663872 User 'naveen@gmail.com' logged in.
INFO 2024-10-07 04:37:29,417 views 788 138404705663872 User 'admin@gmail.com' logged in.
INFO 2024-10-07 04:44:31,734 views 790 138404705663872 User 'aasundar@gmail.com' logged in.
INFO 2024-10-07 05:16:57,750 views 789 138404705663872 User 'ananthisubash@gmail.com' logged in.
WARNING 2024-10-07 08:34:43,995 views 791 138404705663872 Login attempt failed for user '.
WARNING 2024-10-07 08:35:11,350 views 793 138404705663872 Login attempt failed for user '.
INFO 2024-10-07 08:35:38,647 views 789 138404705663872 User 'admin@gmail.com' logged in.
INFO 2024-10-08 04:51:45,259 views 788 138404705663872 User 'admin@gmail.com' logged in.
INFO 2024-10-08 05:34:38,937 views 793 138404705663872 User 'admin@gmail.com' logged in.
INFO 2024-10-08 14:30:28,071 views 791 138404705663872 User 'senthil@gmail.com' logged in.
INFO 2024-10-10 04:20:25,902 views 788 138404705663872 User 'admin@gmail.com' logged in.
INFO 2024-10-10 07:30:20,692 views 793 138404705663872 User 'admin@gmail.com' logged in.
INFO 2024-10-10 07:33:27,831 views 793 138404705663872 User 'ananthisubash@gmail.com' logged in.
INFO 2024-10-11 04:18:23,742 views 788 138404705663872 User 'admin@gmail.com' logged in.
INFO 2024-10-11 04:19:38,214 views 789 138404705663872 User 'admin@gmail.com' logged in.
INFO 2024-10-11 04:26:12,294 views 790 138404705663872 User 'admin@gmail.com' logged in.
INFO 2024-10-11 04:39:47,808 views 790 138404705663872 User 'admin@gmail.com' logged in.
INFO 2024-10-11 04:48:15,750 views 791 138404705663872 User 'admin@gmail.com' logged in.
INFO 2024-10-11 04:49:04,791 views 790 138404705663872 User 'admin@gmail.com' logged in.
INFO 2024-10-11 04:50:25,111 views 790 138404705663872 User 'admin@gmail.com' logged in.
INFO 2024-10-11 04:51:03,107 views 789 138404705663872 User 'admin@gmail.com' logged in.
INFO 2024-10-11 04:51:39,829 views 790 138404705663872 User 'admin@gmail.com' logged in.
INFO 2024-10-11 05:10:01,971 views 790 138404705663872 User 'admin@gmail.com' logged in.
INFO 2024-10-11 05:10:36,690 views 791 138404705663872 User 'admin@gmail.com' logged in.
INFO 2024-10-11 05:37:22,703 views 789 138404705663872 User 'admin@gmail.com' logged in.
INFO 2024-10-11 06:11:02,235 views 790 138404705663872 User 'admin@gmail.com' logged in.
INFO 2024-10-11 06:43:22,465 views 793 138404705663872 User 'admin@gmail.com' logged in.
INFO 2024-10-11 11:16:30,869 views 788 138404705663872 User 'admin@gmail.com' logged in.
INFO 2024-10-12 13:28:32,127 views 791 138404705663872 User 'naveen@gmail.com' logged in.
INFO 2024-10-13 05:45:51,825 views 789 138404705663872 User 'admin@gmail.com' logged in.
INFO 2024-10-13 05:46:54,549 views 791 138404705663872 User 'admin@gmail.com' logged in.
INFO 2024-10-13 06:03:07,262 views 791 138404705663872 User 'admin@gmail.com' logged in.
INFO 2024-10-14 04:42:52,947 views 790 138404705663872 User 'admin@gmail.com' logged in.
INFO 2024-10-14 05:50:21,820 views 789 138404705663872 User 'admin@gmail.com' logged in.
INFO 2024-10-14 06:53:41,180 views 788 138404705663872 User 'admin@gmail.com' logged in.
INFO 2024-10-14 06:54:26,068 views 793 138404705663872 User 'admin@gmail.com' logged in.
INFO 2024-10-14 06:58:55,976 views 793 138404705663872 User 'ramu@gmail.com' logged in.
INFO 2024-10-14 07:02:33,194 views 793 138404705663872 User 'admin@gmail.com' logged in.
INFO 2024-10-14 09:27:54,537 views 788 138404705663872 User 'admin@gmail.com' logged in.
INFO 2024-10-14 09:29:28,535 views 790 138404705663872 User 'admin@gmail.com' logged in.
INFO 2024-10-14 09:30:21,647 views 793 138404705663872 User 'admin@gmail.com' logged in.
INFO 2024-10-14 09:50:00,449 views 791 138404705663872 User 'admin@gmail.com' logged in.
INFO 2024-10-14 10:01:15,888 views 791 138404705663872 User 'admin@gmail.com' logged in.
INFO 2024-10-14 11:09:49,906 views 789 138404705663872 User 'aasundar@gmail.com' logged in.
INFO 2024-10-15 04:24:03,181 views 789 138404705663872 User 'admin@gmail.com' logged in.
INFO 2024-10-16 03:15:21,032 views 790 138404705663872 User 'naveen@gmail.com' logged in.
INFO 2024-10-17 06:26:28,940 views 789 138404705663872 User 'aasundar@gmail.com' logged in.
INFO 2024-10-18 06:47:32,874 views 793 138404705663872 User 'admin@gmail.com' logged in.
INFO 2024-10-19 03:38:32,389 views 790 138404705663872 User 'naveen@gmail.com' logged in.
INFO 2024-10-19 13:33:36,631 views 790 138404705663872 User 'admin@gmail.com' logged in.
INFO 2024-10-19 13:34:21,510 views 790 138404705663872 User 'naveen@gmail.com' logged in.
INFO 2024-10-19 13:38:42,461 views 790 138404705663872 User 'admin@gmail.com' logged in.
INFO 2024-10-19 13:39:24,305 views 793 138404705663872 User 'admin@gmail.com' logged in.
INFO 2024-10-19 14:16:20,402 views 793 138404705663872 User 'ananthisubash@gmail.com' logged in.
INFO 2024-10-19 14:41:34,245 views 793 138404705663872 User 'aasundar@gmail.com' logged in.
INFO 2024-10-20 03:56:57,434 views 788 138404705663872 User 'admin@gmail.com' logged in.
INFO 2024-10-21 04:21:16,710 views 789 138404705663872 User 'admin@gmail.com' logged in.
INFO 2024-10-21 07:24:51,190 views 793 138404705663872 User 'admin@gmail.com' logged in.
INFO 2024-10-21 10:11:51,511 views 791 138404705663872 User 'admin@gmail.com' logged in.
INFO 2024-10-22 04:25:03,992 views 789 138404705663872 User 'admin@gmail.com' logged in.
INFO 2024-10-22 08:15:23,881 views 790 138404705663872 User 'senthil@gmail.com' logged in.
INFO 2024-10-22 08:44:59,595 views 791 138404705663872 User 'admin@gmail.com' logged in.
INFO 2024-10-22 08:45:51,752 views 790 138404705663872 User 'admin@gmail.com' logged in.
INFO 2024-10-22 08:46:40,236 views 790 138404705663872 User 'admin@gmail.com' logged in.
INFO 2024-10-22 11:27:36,865 views 791 138404705663872 User 'admin@gmail.com' logged in.
INFO 2024-10-22 11:28:38,373 views 793 138404705663872 User 'aasundar@gmail.com' logged in.
INFO 2024-10-22 12:20:50,053 views 789 138404705663872 User 'siva@gmail.com' logged in.
INFO 2024-10-22 12:46:38,797 views 791 138404705663872 User 'admin@gmail.com' logged in.
INFO 2024-10-23 09:16:38,062 views 791 138404705663872 User 'admin@gmail.com' logged in.
INFO 2024-10-24 04:25:32,302 views 789 138404705663872 User 'admin@gmail.com' logged in.
INFO 2024-10-25 03:57:16,367 views 793 138404705663872 User 'admin@gmail.com' logged in.
INFO 2024-10-25 03:58:59,659 views 791 138404705663872 User 'admin@gmail.com' logged in.
INFO 2024-10-25 03:59:36,295 views 789 138404705663872 User 'admin@gmail.com' logged in.
INFO 2024-10-25 04:08:08,759 views 791 138404705663872 User 'admin@gmail.com' logged in.
INFO 2024-10-25 04:09:53,659 views 790 138404705663872 User 'admin@gmail.com' logged in.
INFO 2024-10-25 04:12:45,254 views 793 138404705663872 User 'admin@gmail.com' logged in.
INFO 2024-10-25 04:13:06,541 views 793 138404705663872 User 'naveen@gmail.com' logged in.
INFO 2024-10-25 05:43:56,216 views 793 138404705663872 User 'admin@gmail.com' logged in.
INFO 2024-10-25 08:29:13,425 views 791 138404705663872 User 'admin@gmail.com' logged in.
INFO 2024-10-25 08:29:23,503 views 793 138404705663872 User 'admin@gmail.com' logged in.
INFO 2024-10-25 08:47:14,943 views 791 138404705663872 User 'admin@gmail.com' logged in.
INFO 2024-10-25 09:15:16,061 views 793 138404705663872 User 'admin@gmail.com' logged in.
INFO 2024-10-25 09:16:20,455 views 793 138404705663872 User 'admin@gmail.com' logged in.
INFO 2024-10-25 09:17:08,476 views 790 138404705663872 User 'admin@gmail.com' logged in.
INFO 2024-10-25 09:19:46,216 views 793 138404705663872 User 'admin@gmail.com' logged in.
INFO 2024-10-25 09:26:12,136 views 793 138404705663872 User 'admin@gmail.com' logged in.
INFO 2024-10-25 09:31:47,244 views 791 138404705663872 User 'admin@gmail.com' logged in.
INFO 2024-10-25 09:37:08,710 views 793 138404705663872 User 'admin@gmail.com' logged in.
INFO 2024-10-25 09:58:12,211 views 791 138404705663872 User 'admin@gmail.com' logged in.
INFO 2024-10-25 10:06:02,625 views 791 138404705663872 User 'admin@gmail.com' logged in.
INFO 2024-10-25 10:54:53,569 views 791 138404705663872 User 'admin@gmail.com' logged in.
INFO 2024-10-25 10:59:21,174 views 790 138404705663872 User 'admin@gmail.com' logged in.
INFO 2024-10-25 10:59:59,018 views 791 138404705663872 User 'admin@gmail.com' logged in.
INFO 2024-10-25 11:02:44,547 views 788 138404705663872 User 'admin@gmail.com' logged in.
INFO 2024-10-25 11:16:14,935 views 791 138404705663872 User 'admin@gmail.com' logged in.
INFO 2024-10-25 11:26:04,460 views 793 138404705663872 User 'admin@gmail.com' logged in.
INFO 2024-10-25 11:54:21,018 views 791 138404705663872 User 'admin@gmail.com' logged in.
INFO 2024-10-25 12:19:26,528 views 791 138404705663872 User 'admin@gmail.com' logged in.
INFO 2024-10-25 12:21:57,902 views 793 138404705663872 User 'admin@gmail.com' logged in.
INFO 2024-10-26 03:21:40,443 views 790 138404705663872 User 'naveen@gmail.com' logged in.
INFO 2024-10-26 03:52:56,204 views 790 138404705663872 User 'aasundar@gmail.com' logged in.
INFO 2024-10-26 04:34:33,971 views 791 138404705663872 User 'admin@gmail.com' logged in.
INFO 2024-10-26 04:38:39,753 views 791 138404705663872 User 'admin@gmail.com' logged in.
INFO 2024-10-26 05:01:44,479 views 791 138404705663872 User 'admin@gmail.com' logged in.
INFO 2024-10-26 05:16:31,254 views 791 138404705663872 User 'admin@gmail.com' logged in.
INFO 2024-10-26 05:17:16,064 views 790 138404705663872 User 'admin@gmail.com' logged in.
INFO 2024-10-26 05:28:26,940 views 791 138404705663872 User 'admin@gmail.com' logged in.
INFO 2024-10-26 05:37:35,095 views 793 138404705663872 User 'admin@gmail.com' logged in.
INFO 2024-10-26 05:39:29,321 views 791 138404705663872 User 'admin@gmail.com' logged in.
INFO 2024-10-26 05:40:20,623 views 793 138404705663872 User 'admin@gmail.com' logged in.
INFO 2024-10-26 06:52:00,299 views 788 138404705663872 User 'admin@gmail.com' logged in.
INFO 2024-10-26 06:52:59,183 views 791 138404705663872 User 'admin@gmail.com' logged in.
INFO 2024-10-26 07:09:11,023 views 793 138404705663872 User 'ananthisubash@gmail.com' logged in.
INFO 2024-10-26 07:18:33,351 views 791 138404705663872 User 'admin@gmail.com' logged in.
INFO 2024-10-26 09:06:19,733 views 791 138404705663872 User 'admin@gmail.com' logged in.
INFO 2024-10-26 11:17:47,339 views 791 138404705663872 User 'admin@gmail.com' logged in.
INFO 2024-10-26 12:10:32,869 views 793 138404705663872 User 'admin@gmail.com' logged in.
INFO 2024-10-28 09:00:25,581 views 791 138404705663872 User 'admin@gmail.com' logged in.
INFO 2024-10-28 09:40:41,680 views 793 138404705663872 User 'admin@gmail.com' logged in.
INFO 2024-10-28 10:35:06,536 views 788 138404705663872 User 'admin@gmail.com' logged in.
INFO 2024-10-28 14:41:09,517 views 791 138404705663872 User 'naveen@gmail.com' logged in.
INFO 2024-10-28 16:22:33,354 views 793 138404705663872 User 'admin@gmail.com' logged in.
INFO 2024-10-29 14:49:34,850 views 791 138404705663872 User 'naveen@gmail.com' logged in.
INFO 2024-10-30 04:45:08,365 views 789 138404705663872 User 'admin@gmail.com' logged in.
INFO 2024-10-30 06:47:09,743 views 789 138404705663872 User 'admin@gmail.com' logged in.
INFO 2024-10-30 08:39:10,797 views 788 138404705663872 User 'senthil@gmail.com' logged in.
INFO 2024-10-30 09:49:49,733 views 790 138404705663872 User 'admin@gmail.com' logged in.
INFO 2024-11-01 06:05:29,246 views 788 138404705663872 User 'admin@gmail.com' logged in.
INFO 2024-11-02 04:25:21,096 views 793 138404705663872 User 'admin@gmail.com' logged in.
INFO 2024-11-02 06:49:07,920 views 793 138404705663872 User 'admin@gmail.com' logged in.
INFO 2024-11-04 04:22:39,970 views 788 138404705663872 User 'admin@gmail.com' logged in.
INFO 2024-11-04 05:10:07,643 views 788 138404705663872 User 'admin@gmail.com' logged in.
WARNING 2024-11-04 06:29:32,428 views 791 138404705663872 Login attempt failed for user 'ananthisubash@gmail.com'.
INFO 2024-11-04 06:30:05,963 views 790 138404705663872 User 'ananthisubash@gmail.com' logged in.
INFO 2024-11-05 08:54:41,577 views 793 138404705663872 User 'admin@gmail.com' logged in.
INFO 2024-11-05 09:48:42,340 views 789 138404705663872 User 'ramu@gmail.com' logged in.
INFO 2024-11-06 02:54:43,810 views 789 138404705663872 User 'admin@gmail.com' logged in.
INFO 2024-11-06 02:55:05,481 views 791 138404705663872 User 'admin@gmail.com' logged in.
INFO 2024-11-07 11:18:53,705 views 790 138404705663872 User 'admin@gmail.com' logged in.
INFO 2024-11-07 13:31:39,656 views 793 138404705663872 User 'aasundar@gmail.com' logged in.
INFO 2024-11-07 13:50:47,015 views 788 138404705663872 User 'naveen@gmail.com' logged in.
INFO 2024-11-07 13:51:46,754 views 791 138404705663872 User 'aasundar@gmail.com' logged in.
INFO 2024-11-08 13:21:01,322 views 791 138404705663872 User 'naveen@gmail.com' logged in.
INFO 2024-11-08 14:16:21,877 views 793 138404705663872 User 'ramu@gmail.com' logged in.
INFO 2024-11-09 06:37:41,473 views 791 138404705663872 User 'siva@gmail.com' logged in.
INFO 2024-11-09 13:10:09,493 views 789 138404705663872 User 'senthil@gmail.com' logged in.
INFO 2024-11-10 07:21:53,001 views 789 138404705663872 User 'admin@gmail.com' logged in.
INFO 2024-11-10 07:22:25,388 views 789 138404705663872 User 'admin@gmail.com' logged in.
INFO 2024-11-10 07:22:33,946 views 791 138404705663872 User 'senthil@gmail.com' logged in.
INFO 2024-11-10 07:22:57,885 views 789 138404705663872 User 'admin@gmail.com' logged in.
INFO 2024-11-10 07:22:59,464 views 793 138404705663872 User 'senthil@gmail.com' logged in.
INFO 2024-11-10 07:23:16,665 views 791 138404705663872 User 'admin@gmail.com' logged in.
INFO 2024-11-10 07:24:37,235 views 790 138404705663872 User 'admin@gmail.com' logged in.
INFO 2024-11-10 09:02:12,744 views 791 138404705663872 User 'admin@gmail.com' logged in.
INFO 2024-11-10 09:02:15,791 views 789 138404705663872 User 'admin@gmail.com' logged in.
INFO 2024-11-10 09:02:52,125 views 789 138404705663872 User 'master@gmail.com' logged in.
INFO 2024-11-10 14:47:43,962 views 788 138404705663872 User 'admin@gmail.com' logged in.
INFO 2024-11-10 15:01:35,555 views 790 138404705663872 User 'admin@gmail.com' logged in.
INFO 2024-11-11 03:35:05,247 views 789 138404705663872 User 'admin@gmail.com' logged in.
INFO 2024-11-11 03:41:09,180 views 788 138404705663872 User 'admin@gmail.com' logged in.
INFO 2024-11-11 05:10:30,903 views 790 138404705663872 User 'senthil@gmail.com' logged in.
INFO 2024-11-11 06:25:15,965 views 788 138404705663872 User 'admin@gmail.com' logged in.
INFO 2024-11-11 06:29:18,912 views 791 138404705663872 User 'admin@gmail.com' logged in.
INFO 2024-11-11 06:51:01,722 views 788 138404705663872 User 'ananthisubash@gmail.com' logged in.
INFO 2024-11-11 13:09:44,690 views 788 138404705663872 User 'naveen@gmail.com' logged in.
INFO 2024-11-11 13:16:26,598 views 788 138404705663872 User 'admin@gmail.com' logged in.
INFO 2024-11-12 07:27:44,824 views 790 138404705663872 User 'admin@gmail.com' logged in.
INFO 2024-11-12 08:41:29,158 views 791 138404705663872 User 'admin@gmail.com' logged in.
INFO 2024-11-12 09:21:26,118 views 791 138404705663872 User 'admin@gmail.com' logged in.
INFO 2024-11-12 09:52:28,521 views 791 138404705663872 User 'admin@gmail.com' logged in.
INFO 2024-11-13 04:47:56,362 views 793 138404705663872 User 'ramu@gmail.com' logged in.
INFO 2024-11-14 03:05:10,380 views 788 138404705663872 User 'naveen@gmail.com' logged in.
INFO 2024-11-15 04:12:07,505 views 790 138404705663872 User 'naveen@gmail.com' logged in.
INFO 2024-11-15 04:53:20,067 views 789 138404705663872 User 'ananthisubash@gmail.com' logged in.
INFO 2024-11-15 05:00:30,217 views 789 138404705663872 User 'aasundar@gmail.com' logged in.
INFO 2024-11-15 11:25:20,439 views 791 138404705663872 User 'admin@gmail.com' logged in.
WARNING 2024-11-16 03:55:03,254 views 788 138404705663872 Login attempt failed for user '.
WARNING 2024-11-16 03:55:21,877 views 791 138404705663872 Login attempt failed for user '.
WARNING 2024-11-16 03:56:06,208 views 791 138404705663872 Login attempt failed for user '.
WARNING 2024-11-16 03:56:52,995 views 791 138404705663872 Login attempt failed for user '.
WARNING 2024-11-16 03:57:27,883 views 793 138404705663872 Login attempt failed for user '.
WARNING 2024-11-16 04:00:33,484 views 791 138404705663872 Login attempt failed for user '.
WARNING 2024-11-16 04:01:08,682 views 791 138404705663872 Login attempt failed for user '.
WARNING 2024-11-16 04:07:29,085 views 791 138404705663872 Login attempt failed for user '.
WARNING 2024-11-16 04:07:55,161 views 791 138404705663872 Login attempt failed for user '.
INFO 2024-11-16 04:14:27,013 views 789 138404705663872 User 'naveen@gmail.com' logged in.
INFO 2024-11-16 06:46:26,919 views 788 138404705663872 User 'admin@gmail.com' logged in.
INFO 2024-11-16 08:08:10,680 views 790 138404705663872 User 'admin@gmail.com' logged in.
INFO 2024-11-18 14:43:37,499 views 791 138404705663872 User 'naveen@gmail.com' logged in.
INFO 2024-11-18 14:46:44,771 views 790 138404705663872 User 'ramu@gmail.com' logged in.
WARNING 2024-11-20 06:02:20,977 views 791 138404705663872 Login attempt failed for user 'ananthisubash@gmail.com'.
INFO 2024-11-20 06:03:05,562 views 791 138404705663872 User 'ananthisubash@gmail.com' logged in.
INFO 2024-11-21 04:02:59,861 views 789 138404705663872 User 'admin@gmail.com' logged in.
INFO 2024-11-21 11:41:37,240 views 791 138404705663872 User 'admin@gmail.com' logged in.
INFO 2024-11-21 12:18:57,646 views 791 138404705663872 User 'admin@gmail.com' logged in.
INFO 2024-11-22 07:58:18,521 views 791 138404705663872 User 'ananthisubash@gmail.com' logged in.
INFO 2024-11-22 13:39:11,885 views 793 138404705663872 User 'ramu@gmail.com' logged in.
INFO 2024-11-23 03:07:22,605 views 789 138404705663872 User 'naveen@gmail.com' logged in.
INFO 2024-11-23 07:42:31,077 views 788 138404705663872 User 'ananthisubash@gmail.com' logged in.
WARNING 2024-11-23 15:03:10,064 views 790 138404705663872 Login attempt failed for user '.
WARNING 2024-11-23 15:03:41,031 views 791 138404705663872 Login attempt failed for user '.
WARNING 2024-11-23 15:04:08,437 views 793 138404705663872 Login attempt failed for user '.
WARNING 2024-11-23 15:04:49,741 views 791 138404705663872 Login attempt failed for user '.
WARNING 2024-11-23 15:05:38,296 views 790 138404705663872 Login attempt failed for user '.
WARNING 2024-11-23 15:06:39,492 views 789 138404705663872 Login attempt failed for user '.
WARNING 2024-11-23 15:07:21,976 views 791 138404705663872 Login attempt failed for user '.
INFO 2024-11-24 12:56:52,665 views 793 138404705663872 User 'admin@gmail.com' logged in.
INFO 2024-11-24 15:05:27,160 views 791 138404705663872 User 'aasundar@gmail.com' logged in.
INFO 2024-11-24 15:06:48,120 views 793 138404705663872 User 'admin@gmail.com' logged in.
INFO 2024-11-24 15:09:05,392 views 791 138404705663872 User 'aasundar@gmail.com' logged in.
INFO 2024-11-25 03:38:59,778 views 788 138404705663872 User 'naveen@gmail.com' logged in.
INFO 2024-11-25 03:59:36,599 views 793 138404705663872 User 'admin@gmail.com' logged in.
INFO 2024-11-25 04:06:20,747 views 789 138404705663872 User 'admin@gmail.com' logged in.
INFO 2024-11-25 08:28:45,887 views 791 138404705663872 User 'ananthisubash@gmail.com' logged in.
INFO 2024-11-26 03:02:12,363 views 791 138404705663872 User 'naveen@gmail.com' logged in.
INFO 2024-11-26 03:56:16,516 views 789 138404705663872 User 'admin@gmail.com' logged in.
INFO 2024-11-26 06:38:51,158 views 790 138404705663872 User 'admin@gmail.com' logged in.
INFO 2024-11-26 06:50:44,521 views 790 138404705663872 User 'admin@gmail.com' logged in.
INFO 2024-11-26 08:55:18,760 views 790 138404705663872 User 'admin@gmail.com' logged in.
INFO 2024-11-26 11:28:58,776 views 793 138404705663872 User 'admin@gmail.com' logged in.
INFO 2024-11-26 11:31:54,193 views 789 138404705663872 User 'admin@gmail.com' logged in.
INFO 2024-11-26 11:33:27,317 views 791 138404705663872 User 'admin@gmail.com' logged in.
INFO 2024-11-26 11:49:05,326 views 791 138404705663872 User 'admin@gmail.com' logged in.
INFO 2024-11-26 12:02:19,465 views 790 138404705663872 User 'admin@gmail.com' logged in.
INFO 2024-11-26 12:20:34,426 views 793 138404705663872 User 'admin@gmail.com' logged in.
INFO 2024-11-26 13:11:42,688 views 791 138404705663872 User 'ramu@gmail.com' logged in.
INFO 2024-11-26 15:19:33,798 views 789 138404705663872 User 'admin@gmail.com' logged in.
INFO 2024-11-26 15:20:58,514 views 788 138404705663872 User 'admin@gmail.com' logged in.
INFO 2024-11-27 04:38:09,865 views 793 138404705663872 User 'admin@gmail.com' logged in.
INFO 2024-11-27 06:26:53,717 views 793 138404705663872 User 'ananthisubash@gmail.com' logged in.
INFO 2024-11-27 06:29:05,634 views 790 138404705663872 User 'ananthisubash@gmail.com' logged in.
INFO 2024-11-27 07:32:22,322 views 790 138404705663872 User 'admin@gmail.com' logged in.
INFO 2024-11-27 09:13:35,240 views 789 138404705663872 User 'admin@gmail.com' logged in.
INFO 2024-11-27 11:46:31,575 views 788 138404705663872 User 'admin@gmail.com' logged in.
INFO 2024-11-27 13:26:25,051 views 788 138404705663872 User 'senthil@gmail.com' logged in.
INFO 2024-11-27 13:26:44,111 views 788 138404705663872 User 'senthil@gmail.com' logged in.
INFO 2024-11-28 03:48:58,698 views 791 138404705663872 User 'admin@gmail.com' logged in.
INFO 2024-11-29 08:51:30,994 views 790 138404705663872 User 'admin@gmail.com' logged in.
INFO 2024-11-29 09:16:19,152 views 788 138404705663872 User 'admin@gmail.com' logged in.
INFO 2024-11-29 09:22:44,432 views 791 138404705663872 User 'admin@gmail.com' logged in.
INFO 2024-11-30 04:38:26,903 views 789 138404705663872 User 'admin@gmail.com' logged in.
INFO 2024-11-30 12:46:55,494 views 789 138404705663872 User 'naveen@gmail.com' logged in.
INFO 2024-11-30 12:49:28,435 views 789 138404705663872 User 'aasundar@gmail.com' logged in.
INFO 2024-12-01 15:18:58,344 views 789 138404705663872 User 'ramu@gmail.com' logged in.
INFO 2024-12-01 15:27:09,708 views 788 138404705663872 User 'ramu@gmail.com' logged in.
INFO 2024-12-02 05:25:13,814 views 791 138404705663872 User 'naveen@gmail.com' logged in.
INFO 2024-12-02 05:36:10,906 views 789 138404705663872 User 'admin@gmail.com' logged in.
INFO 2024-12-02 06:41:54,855 views 790 138404705663872 User 'ananthisubash@gmail.com' logged in.
INFO 2024-12-02 08:59:59,784 views 788 138404705663872 User 'aasundar@gmail.com' logged in.
INFO 2024-12-02 09:30:41,245 views 793 138404705663872 User 'admin@gmail.com' logged in.
INFO 2024-12-02 11:14:45,497 views 789 138404705663872 User 'admin@gmail.com' logged in.
INFO 2024-12-04 04:08:23,483 views 791 138404705663872 User 'admin@gmail.com' logged in.
INFO 2024-12-05 04:26:19,933 views 793 138404705663872 User 'naveen@gmail.com' logged in.
INFO 2024-12-08 12:20:32,835 views 793 138404705663872 User 'admin@gmail.com' logged in.
INFO 2024-12-08 12:21:58,029 views 791 138404705663872 User 'admin@gmail.com' logged in.
INFO 2024-12-08 12:38:26,125 views 788 138404705663872 User 'admin@gmail.com' logged in.
INFO 2024-12-09 04:02:19,553 views 788 138404705663872 User 'admin@gmail.com' logged in.
INFO 2024-12-10 04:01:07,150 views 791 138404705663872 User 'admin@gmail.com' logged in.
INFO 2024-12-10 04:29:43,561 views 791 138404705663872 User 'admin@gmail.com' logged in.
INFO 2024-12-10 08:26:49,862 views 790 138404705663872 User 'ananthisubash@gmail.com' logged in.
INFO 2024-12-10 14:55:16,289 views 789 138404705663872 User 'ramu@gmail.com' logged in.
INFO 2024-12-12 04:15:51,551 views 789 138404705663872 User 'admin@gmail.com' logged in.
INFO 2024-12-13 04:27:06,682 views 789 138404705663872 User 'admin@gmail.com' logged in.
INFO 2024-12-13 06:49:06,597 views 791 138404705663872 User 'ananthisubash@gmail.com' logged in.
INFO 2024-12-13 13:00:14,749 views 793 138404705663872 User 'naveen@gmail.com' logged in.
INFO 2024-12-15 05:59:52,272 views 793 138404705663872 User 'admin@gmail.com' logged in.
INFO 2024-12-15 09:26:17,231 views 791 138404705663872 User 'admin@gmail.com' logged in.
WARNING 2024-12-16 07:29:44,367 views 791 138404705663872 Login attempt failed for user '.
WARNING 2024-12-16 07:30:07,646 views 789 138404705663872 Login attempt failed for user '.
WARNING 2024-12-16 07:30:29,646 views 788 138404705663872 Login attempt failed for user '.
WARNING 2024-12-16 07:30:58,039 views 788 138404705663872 Login attempt failed for user '.
WARNING 2024-12-16 07:31:27,005 views 788 138404705663872 Login attempt failed for user '.
WARNING 2024-12-16 07:33:47,962 views 791 138404705663872 Login attempt failed for user '.
WARNING 2024-12-16 07:34:22,608 views 793 138404705663872 Login attempt failed for user '.
WARNING 2024-12-16 07:34:41,647 views 790 138404705663872 Login attempt failed for user '.
WARNING 2024-12-16 07:35:19,154 views 791 138404705663872 Login attempt failed for user '.
INFO 2024-12-16 14:41:47,891 views 791 138404705663872 User 'admin@gmail.com' logged in.
INFO 2024-12-17 07:42:15,618 views 789 138404705663872 User 'ananthisubash@gmail.com' logged in.
INFO 2024-12-18 03:37:45,632 views 789 138404705663872 User 'admin@gmail.com' logged in.
INFO 2024-12-19 02:48:16,542 views 791 138404705663872 User 'naveen@gmail.com' logged in.
INFO 2024-12-19 03:00:57,753 views 789 138404705663872 User 'aasundar@gmail.com' logged in.
INFO 2024-12-19 06:04:06,032 views 791 138404705663872 User 'admin@gmail.com' logged in.
INFO 2024-12-19 06:04:22,916 views 793 138404705663872 User 'admin@gmail.com' logged in.
INFO 2024-12-19 06:20:37,390 views 791 138404705663872 User 'ananthisubash@gmail.com' logged in.
INFO 2024-12-19 06:54:18,938 views 788 138404705663872 User 'admin@gmail.com' logged in.
INFO 2024-12-19 12:20:51,725 views 789 138404705663872 User 'admin@gmail.com' logged in.
INFO 2024-12-20 02:48:13,563 views 791 138404705663872 User 'naveen@gmail.com' logged in.
INFO 2024-12-20 05:06:05,084 views 793 138404705663872 User 'admin@gmail.com' logged in.
INFO 2024-12-20 06:12:39,861 views 791 138404705663872 User 'admin@gmail.com' logged in.
INFO 2024-12-20 10:01:19,156 views 790 138404705663872 User 'admin@gmail.com' logged in.
INFO 2024-12-21 09:44:43,557 views 788 138404705663872 User 'admin@gmail.com' logged in.
INFO 2024-12-22 05:20:36,507 views 788 138404705663872 User 'ramu@gmail.com' logged in.
INFO 2024-12-23 10:23:57,700 views 789 138404705663872 User 'admin@gmail.com' logged in.
INFO 2024-12-23 10:26:47,619 views 793 138404705663872 User 'admin@gmail.com' logged in.
INFO 2024-12-23 10:32:36,332 views 788 138404705663872 User 'paramasivan@gmail.com' logged in.
INFO 2024-12-23 10:33:04,101 views 793 138404705663872 User 'paramasivan@gmail.com' logged in.
INFO 2024-12-23 10:33:31,135 views 790 138404705663872 User 'paramasivan@gmail.com' logged in.
INFO 2024-12-23 11:09:47,640 views 791 138404705663872 User 'ananthisubash@gmail.com' logged in.
INFO 2024-12-23 11:22:20,593 views 791 138404705663872 User 'admin@gmail.com' logged in.
INFO 2024-12-24 10:26:48,425 views 791 138404705663872 User 'admin@gmail.com' logged in.
WARNING 2024-12-25 05:02:00,616 views 791 138404705663872 Login attempt failed for user 'paramasivan@gmail.com'.
WARNING 2024-12-25 05:02:43,070 views 788 138404705663872 Login attempt failed for user 'paramasivan@gmail.com'.
WARNING 2024-12-25 05:03:27,645 views 793 138404705663872 Login attempt failed for user 'paramasivan@gmail.com'.
WARNING 2024-12-25 05:03:53,798 views 789 138404705663872 Login attempt failed for user 'paramasivan@gmail.com'.
WARNING 2024-12-25 05:04:33,878 views 793 138404705663872 Login attempt failed for user 'paramasivan@gmail.com'.
WARNING 2024-12-25 05:05:12,929 views 789 138404705663872 Login attempt failed for user 'paramasivan@gmail.com'.
INFO 2024-12-25 11:10:14,962 views 793 138404705663872 User 'admin@gmail.com' logged in.
INFO 2024-12-26 10:15:42,687 views 791 138404705663872 User 'admin@gmail.com' logged in.
INFO 2024-12-26 11:41:20,840 views 793 138404705663872 User 'admin@gmail.com' logged in.
INFO 2024-12-27 03:19:51,965 views 788 138404705663872 User 'naveen@gmail.com' logged in.
INFO 2024-12-29 13:15:55,652 views 789 138404705663872 User 'master@gmail.com' logged in.
INFO 2024-12-29 14:07:31,504 views 790 138404705663872 User 'admin@gmail.com' logged in.
INFO 2024-12-30 03:20:42,548 views 791 138404705663872 User 'naveen@gmail.com' logged in.
WARNING 2024-12-30 06:22:19,672 views 788 138404705663872 Login attempt failed for user '.
INFO 2024-12-30 06:23:12,059 views 791 138404705663872 User 'admin@gmail.com' logged in.
WARNING 2024-12-30 18:24:42,151 views 789 138404705663872 Login attempt failed for user 'paramasivan@gmail.com'.
WARNING 2024-12-30 18:25:08,802 views 791 138404705663872 Login attempt failed for user 'paramasivan@gmail.com'.
WARNING 2024-12-30 18:25:36,386 views 793 138404705663872 Login attempt failed for user 'paramasivan@gmail.com'.
INFO 2024-12-31 07:26:57,493 views 788 138404705663872 User 'admin@gmail.com' logged in.
INFO 2024-12-31 08:24:37,189 views 790 138404705663872 User 'admin@gmail.com' logged in.
INFO 2025-01-02 03:49:09,732 views 788 138404705663872 User 'senthil@gmail.com' logged in.
INFO 2025-01-02 06:12:19,574 views 791 138404705663872 User 'ananthisubash@gmail.com' logged in.
INFO 2025-01-02 06:14:34,289 views 793 138404705663872 User 'admin@gmail.com' logged in.
INFO 2025-01-02 11:04:32,399 views 793 138404705663872 User 'admin@gmail.com' logged in.
INFO 2025-01-02 11:18:37,198 views 789 138404705663872 User 'admin@gmail.com' logged in.
INFO 2025-01-03 05:52:55,818 views 788 138404705663872 User 'admin@gmail.com' logged in.
INFO 2025-01-03 12:32:35,806 views 791 138404705663872 User 'admin@gmail.com' logged in.
INFO 2025-01-04 09:19:33,813 views 788 138404705663872 User 'naveen@gmail.com' logged in.
INFO 2025-01-04 09:55:11,815 views 790 138404705663872 User 'admin@gmail.com' logged in.
INFO 2025-01-06 07:55:45,948 views 791 138404705663872 User 'ananthisubash@gmail.com' logged in.
INFO 2025-01-06 10:21:01,662 views 789 138404705663872 User 'senthil@gmail.com' logged in.
INFO 2025-01-07 02:53:46,782 views 791 138404705663872 User 'naveen@gmail.com' logged in.
INFO 2025-01-07 03:19:42,783 views 791 138404705663872 User 'admin@gmail.com' logged in.
INFO 2025-01-07 03:24:16,233 views 791 138404705663872 User 'aasundar@gmail.com' logged in.
INFO 2025-01-07 09:27:50,298 views 791 138404705663872 User 'admin@gmail.com' logged in.
INFO 2025-01-08 06:22:12,315 views 793 138404705663872 User 'ananthisubash@gmail.com' logged in.
INFO 2025-01-08 09:00:40,615 views 788 138404705663872 User 'admin@gmail.com' logged in.
INFO 2025-01-10 03:07:07,434 views 789 138404705663872 User 'naveen@gmail.com' logged in.
INFO 2025-01-10 11:16:44,477 views 793 138404705663872 User 'aasundar@gmail.com' logged in.
INFO 2025-01-11 15:53:22,685 views 10808 16256 User 'admin@gmail.com' logged in.
INFO 2025-01-11 16:55:29,803 views 21544 22808 User 'admin@gmail.com' logged in.
INFO 2025-01-13 09:33:31,891 views 19912 12572 User 'admin@gmail.com' logged in.
INFO 2025-01-13 09:37:27,344 views 20040 13824 User 'admin@gmail.com' logged in.
INFO 2025-01-13 09:39:40,777 views 20040 8156 User 'admin@gmail.com' logged in.
INFO 2025-01-13 10:01:16,562 views 18988 3940 User 'admin@gmail.com' logged in.
INFO 2025-01-13 11:24:57,176 views 17940 9368 User 'admin@gmail.com' logged in.
INFO 2025-01-13 17:38:36,179 views 13544 20380 User 'admin@gmail.com' logged in.
INFO 2025-01-15 09:23:47,099 views 18848 10900 User 'admin@gmail.com' logged in.
INFO 2025-01-15 09:59:32,940 views 3056 15804 User 'admin@gmail.com' logged in.
INFO 2025-01-15 10:14:51,662 views 16692 1004 User 'admin@gmail.com' logged in.
INFO 2025-01-15 11:01:46,014 views 17576 14380 User 'admin@gmail.com' logged in.
INFO 2025-01-15 11:03:32,383 views 16988 10104 User 'admin@gmail.com' logged in.
INFO 2025-01-15 11:16:23,658 views 17260 13768 User 'admin@gmail.com' logged in.
INFO 2025-01-15 11:22:31,457 views 10852 12364 User 'admin@gmail.com' logged in.
INFO 2025-01-15 12:11:32,547 views 22300 21980 User 'admin@gmail.com' logged in.
INFO 2025-01-15 12:15:37,223 views 4184 2684 User 'admin@gmail.com' logged in.
INFO 2025-01-15 12:20:59,032 views 7032 14728 User 'admin@gmail.com' logged in.
INFO 2025-01-15 12:26:58,013 views 22036 10028 User 'admin@gmail.com' logged in.
INFO 2025-01-15 12:32:40,552 views 14028 9240 User 'admin@gmail.com' logged in.
INFO 2025-01-15 12:49:11,109 views 21868 5004 User 'admin@gmail.com' logged in.
INFO 2025-01-15 14:34:36,064 views 436 23044 User 'admin@gmail.com' logged in.
INFO 2025-01-15 14:34:57,360 views 436 23036 User 'admin@gmail.com' logged in.
INFO 2025-01-15 15:21:49,094 views 9080 20552 User 'admin@gmail.com' logged in.
INFO 2025-01-15 15:38:04,486 views 8972 15208 User 'admin@gmail.com' logged in.
INFO 2025-01-17 10:25:37,107 views 16688 5580 User 'admin@gmail.com' logged in.
INFO 2025-01-17 11:19:22,950 views 3160 3440 User 'admin@gmail.com' logged in.
INFO 2025-01-20 09:11:33,306 views 788 17396 User 'admin@gmail.com' logged in.
INFO 2025-01-20 09:43:21,207 views 22360 7188 User 'admin@gmail.com' logged in.
INFO 2025-01-20 10:59:33,868 views 7640 12608 User 'admin@gmail.com' logged in.
INFO 2025-01-20 11:03:06,397 views 3136 12756 User 'admin@gmail.com' logged in.
INFO 2025-01-20 15:22:48,956 views 3136 10356 User 'admin@gmail.com' logged in.
INFO 2025-01-21 14:54:00,447 views 11832 1792 User 'admin@gmail.com' logged in.
INFO 2025-01-21 15:54:05,985 views 1832 4120 User 'admin@gmail.com' logged in.
INFO 2025-01-22 12:02:39,576 views 7784 7560 User 'admin@gmail.com' logged in.
INFO 2025-01-23 09:32:00,637 views 9928 7776 User 'admin@gmail.com' logged in.
INFO 2025-01-24 11:01:57,527 views 16636 21808 User 'admin@gmail.com' logged in.
INFO 2025-01-25 09:13:07,848 views 18620 11664 User 'admin@gmail.com' logged in.
INFO 2025-01-27 09:07:24,597 views 3644 2068 User 'admin@gmail.com' logged in.
INFO 2025-01-27 11:38:40,472 views 20896 21528 User 'admin@gmail.com' logged in.
INFO 2025-01-27 14:22:54,107 views 5648 8812 User 'admin@gmail.com' logged in.
INFO 2025-02-08 17:21:05,187 views 22160 20908 User 'admin@gmail.com' logged in.
INFO 2025-02-10 09:29:30,550 views 14540 19212 User 'admin@gmail.com' logged in.
INFO 2025-02-10 10:16:06,982 views 12396 10748 User 'admin@gmail.com' logged in.
INFO 2025-02-11 09:24:05,714 views 18856 4980 User 'admin@gmail.com' logged in.
INFO 2025-02-12 17:12:46,880 views 9104 23272 User 'admin@gmail.com' logged in.
WARNING 2025-02-12 17:29:07,313 views 21744 8648 Login attempt failed for user '.
INFO 2025-02-12 17:30:18,008 views 21744 7024 User 'admin@gmail.com' logged in.
INFO 2025-02-13 09:35:43,839 views 416 18176 User 'admin@gmail.com' logged in.
INFO 2025-02-13 05:06:48,362 views 899524 134991739755392 User 'admin@gmail.com' logged in.
INFO 2025-02-13 05:07:22,861 views 899525 134991739755392 User 'admin@gmail.com' logged in.
INFO 2025-02-13 05:08:08,760 views 899525 134991739755392 User 'admin@gmail.com' logged in.
INFO 2025-02-13 05:08:35,907 views 899525 134991739755392 User 'admin@gmail.com' logged in.
INFO 2025-02-13 06:14:08,365 views 899524 134991739755392 User 'admin@gmail.com' logged in.
INFO 2025-02-13 10:50:23,223 views 899524 134991739755392 User 'admin@gmail.com' logged in.
INFO 2025-02-14 08:52:14,274 views 899525 134991739755392 User 'admin@gmail.com' logged in.
INFO 2025-02-14 10:15:52,883 views 899524 134991739755392 User 'ananthisubash@gmail.com' logged in.
INFO 2025-02-14 10:17:50,192 views 899521 134991739755392 User 'admin@gmail.com' logged in.
INFO 2025-02-14 11:55:38,517 views 899522 134991739755392 User 'admin@gmail.com' logged in.
INFO 2025-02-15 11:34:33,524 views 899524 134991739755392 User 'admin@gmail.com' logged in.
INFO 2025-02-16 14:02:47,648 views 899525 134991739755392 User 'senthil@gmail.com' logged in.
INFO 2025-02-17 03:48:44,325 views 899524 134991739755392 User 'admin@gmail.com' logged in.
INFO 2025-02-17 05:33:38,798 views 899522 134991739755392 User 'admin@gmail.com' logged in.
INFO 2025-02-17 06:08:17,314 views 899525 134991739755392 User 'admin@gmail.com' logged in.
INFO 2025-02-17 16:36:22,009 views 899521 134991739755392 User 'subash@gmail.com' logged in.
INFO 2025-02-18 04:06:07,718 views 899525 134991739755392 User 'admin@gmail.com' logged in.
INFO 2025-02-18 10:38:06,665 views 899524 134991739755392 User 'admin@gmail.com' logged in.
INFO 2025-02-19 03:04:27,210 views 899525 134991739755392 User 'subash@gmail.com' logged in.
INFO 2025-02-19 04:44:35,947 views 899525 134991739755392 User 'admin@gmail.com' logged in.
INFO 2025-02-19 05:06:47,941 views 899524 134991739755392 User 'admin@gmail.com' logged in.
INFO 2025-02-19 05:25:22,485 views 899525 134991739755392 User 'ananthisubash@gmail.com' logged in.
INFO 2025-02-19 07:59:53,489 views 899522 134991739755392 User 'admin@gmail.com' logged in.
INFO 2025-02-20 13:47:54,781 views 899522 134991739755392 User 'senthil@gmail.com' logged in.
INFO 2025-02-21 04:27:34,567 views 1005311 127414288247680 User 'admin@gmail.com' logged in.
INFO 2025-02-21 11:00:04,464 views 1005307 127414288247680 User 'admin@gmail.com' logged in.
INFO 2025-02-21 11:42:06,253 views 1005311 127414288247680 User 'admin@gmail.com' logged in.
INFO 2025-02-21 11:42:59,383 views 1005307 127414288247680 User 'aasundar@gmail.com' logged in.
INFO 2025-02-21 13:07:16,088 views 1005311 127414288247680 User 'aasundar@gmail.com' logged in.
INFO 2025-02-23 14:42:55,599 views 1005311 127414288247680 User 'ramu@gmail.com' logged in.
INFO 2025-02-24 04:37:31,226 views 1005309 127414288247680 User 'ananthisubash@gmail.com' logged in.
INFO 2025-02-24 04:37:52,816 views 1005307 127414288247680 User 'admin@gmail.com' logged in.
INFO 2025-02-24 06:03:14,500 views 1005307 127414288247680 User 'admin@gmail.com' logged in.
INFO 2025-02-24 10:58:22,154 views 1005310 127414288247680 User 'admin@gmail.com' logged in.
INFO 2025-02-24 12:36:56,688 views 1005308 127414288247680 User 'admin@gmail.com' logged in.
INFO 2025-02-25 04:31:43,459 views 1005310 127414288247680 User 'senthil@gmail.com' logged in.
INFO 2025-02-25 04:58:05,610 views 1005308 127414288247680 User 'admin@gmail.com' logged in.
INFO 2025-02-25 06:08:27,528 views 1005309 127414288247680 User 'admin@gmail.com' logged in.
INFO 2025-02-25 06:16:36,269 views 1005307 127414288247680 User 'admin@gmail.com' logged in.
INFO 2025-02-26 03:50:48,021 views 1005308 127414288247680 User 'admin@gmail.com' logged in.
INFO 2025-02-26 04:07:17,255 views 1005311 127414288247680 User 'aasundar@gmail.com' logged in.
INFO 2025-02-26 04:24:00,340 views 1005308 127414288247680 User 'admin@gmail.com' logged in.
INFO 2025-02-26 07:04:12,605 views 1005311 127414288247680 User 'admin@gmail.com' logged in.
INFO 2025-02-26 07:54:12,890 views 1005307 127414288247680 User 'admin@gmail.com' logged in.
INFO 2025-02-26 08:27:44,246 views 1005308 127414288247680 User 'admin@gmail.com' logged in.
INFO 2025-02-26 11:21:48,649 views 1005310 127414288247680 User 'admin@gmail.com' logged in.
INFO 2025-02-27 05:46:20,684 views 1005311 127414288247680 User 'admin@gmail.com' logged in.
INFO 2025-02-27 07:17:40,277 views 1005307 127414288247680 User 'ramu@gmail.com' logged in.
INFO 2025-02-27 08:53:54,199 views 1005308 127414288247680 User 'admin@gmail.com' logged in.
INFO 2025-02-27 16:48:31,195 views 1005310 127414288247680 User 'subash@gmail.com' logged in.
INFO 2025-02-28 05:04:06,317 views 1005311 127414288247680 User 'admin@gmail.com' logged in.
INFO 2025-02-28 06:26:01,296 views 1005311 127414288247680 User 'admin@gmail.com' logged in.
INFO 2025-02-28 06:32:38,937 views 1005311 127414288247680 User 'ananthisubash@gmail.com' logged in.
INFO 2025-02-28 08:17:33,824 views 1005308 127414288247680 User 'admin@gmail.com' logged in.
INFO 2025-02-28 10:15:07,568 views 1005308 127414288247680 User 'admin@gmail.com' logged in.
INFO 2025-02-28 11:14:19,510 views 1005307 127414288247680 User 'admin@gmail.com' logged in.
INFO 2025-03-01 04:16:33,464 views 1005310 127414288247680 User 'aasundar@gmail.com' logged in.
INFO 2025-03-01 16:25:04,902 views 1005311 127414288247680 User 'subash@gmail.com' logged in.
INFO 2025-03-02 11:44:44,931 views 1005310 127414288247680 User 'admin@gmail.com' logged in.
INFO 2025-03-02 12:55:07,883 views 1005307 127414288247680 User 'aasundar@gmail.com' logged in.
INFO 2025-03-02 16:39:57,885 views 1005307 127414288247680 User 'subash@gmail.com' logged in.
INFO 2025-03-03 03:54:48,492 views 1005310 127414288247680 User 'senthil@gmail.com' logged in.
INFO 2025-03-03 07:08:16,484 views 1005307 127414288247680 User 'ananthisubash@gmail.com' logged in.
INFO 2025-03-03 07:09:37,210 views 1005311 127414288247680 User 'admin@gmail.com' logged in.
INFO 2025-03-05 03:40:28,298 views 1005311 127414288247680 User 'master@gmail.com' logged in.
INFO 2025-03-06 01:24:33,111 views 1005311 127414288247680 User 'senthil@gmail.com' logged in.
INFO 2025-03-06 16:57:41,850 views 1005311 127414288247680 User 'subash@gmail.com' logged in.
INFO 2025-03-07 04:57:13,069 views 1005311 127414288247680 User 'ramu@gmail.com' logged in.
INFO 2025-03-07 06:22:42,593 views 1005311 127414288247680 User 'admin@gmail.com' logged in.
INFO 2025-03-07 11:10:28,591 views 1005309 127414288247680 User 'admin@gmail.com' logged in.
INFO 2025-03-07 11:12:08,685 views 1005308 127414288247680 User 'ananthisubash@gmail.com' logged in.
INFO 2025-03-08 04:39:20,562 views 1005307 127414288247680 User 'admin@gmail.com' logged in.
INFO 2025-03-08 04:42:17,461 views 1005309 127414288247680 User 'admin@gmail.com' logged in.
INFO 2025-03-08 10:38:06,712 views 1005311 127414288247680 User 'aasundar@gmail.com' logged in.
INFO 2025-03-08 10:38:41,002 views 1005311 127414288247680 User 'admin@gmail.com' logged in.
INFO 2025-03-09 05:46:23,840 views 1005311 127414288247680 User 'admin@gmail.com' logged in.
INFO 2025-03-09 05:57:59,326 views 1005311 127414288247680 User 'admin@gmail.com' logged in.
INFO 2025-03-09 07:04:29,977 views 1005309 127414288247680 User 'master@gmail.com' logged in.
INFO 2025-03-09 07:16:24,658 views 1005307 127414288247680 User 'admin@gmail.com' logged in.
INFO 2025-03-09 07:30:31,166 views 1005311 127414288247680 User 'admin@gmail.com' logged in.
INFO 2025-03-09 10:59:34,762 views 1005311 127414288247680 User 'admin@gmail.com' logged in.
INFO 2025-03-09 12:44:03,702 views 1005310 127414288247680 User 'subash@gmail.com' logged in.
INFO 2025-03-10 05:00:18,728 views 1005310 127414288247680 User 'admin@gmail.com' logged in.
INFO 2025-03-10 07:40:57,648 views 1005311 127414288247680 User 'admin@gmail.com' logged in.
INFO 2025-03-10 07:51:11,724 views 1005307 127414288247680 User 'aasundar@gmail.com' logged in.
INFO 2025-03-10 13:14:14,184 views 1005311 127414288247680 User 'subash@gmail.com' logged in.
INFO 2025-03-11 05:25:09,812 views 1005309 127414288247680 User 'admin@gmail.com' logged in.
INFO 2025-03-11 05:26:52,247 views 1005307 127414288247680 User 'admin@gmail.com' logged in.
INFO 2025-03-11 05:31:44,252 views 1005309 127414288247680 User 'admin@gmail.com' logged in.
INFO 2025-03-11 06:47:07,451 views 1005309 127414288247680 User 'aasundar@gmail.com' logged in.
INFO 2025-03-11 08:33:01,547 views 1005311 127414288247680 User 'admin@gmail.com' logged in.
INFO 2025-03-11 08:51:45,628 views 1005308 127414288247680 User 'ananthisubash@gmail.com' logged in.
INFO 2025-03-11 09:18:30,035 views 1005308 127414288247680 User 'admin@gmail.com' logged in.
INFO 2025-03-11 09:29:37,400 views 1005307 127414288247680 User 'admin@gmail.com' logged in.
INFO 2025-03-11 09:43:45,183 views 1005307 127414288247680 User 'admin@gmail.com' logged in.
INFO 2025-03-11 10:57:18,435 views 1005307 127414288247680 User 'admin@gmail.com' logged in.
INFO 2025-03-11 13:26:13,857 views 1005311 127414288247680 User 'master@gmail.com' logged in.
INFO 2025-03-12 04:45:47,636 views 1005309 127414288247680 User 'admin@gmail.com' logged in.
INFO 2025-03-12 11:33:17,617 views 1005311 127414288247680 User 'admin@gmail.com' logged in.
INFO 2025-03-12 11:48:12,762 views 1005308 127414288247680 User 'admin@gmail.com' logged in.
INFO 2025-03-12 11:58:39,077 views 1005311 127414288247680 User 'jega@gmail.com' logged in.
INFO 2025-03-12 11:59:17,490 views 1005311 127414288247680 User 'jega@gmail.com' logged in.
INFO 2025-03-12 13:44:55,463 views 1005311 127414288247680 User 'master@gmail.com' logged in.
INFO 2025-03-12 15:51:11,732 views 1005308 127414288247680 User 'admin@gmail.com' logged in.
INFO 2025-03-13 08:28:57,933 views 1005307 127414288247680 User 'aasundar@gmail.com' logged in.
INFO 2025-03-13 08:29:28,668 views 1005311 127414288247680 User 'senthil@gmail.com' logged in.
INFO 2025-03-13 10:09:34,796 views 1005308 127414288247680 User 'subash@gmail.com' logged in.
INFO 2025-03-13 10:51:10,844 views 1005309 127414288247680 User 'admin@gmail.com' logged in.
INFO 2025-03-13 12:31:04,119 views 1005311 127414288247680 User 'admin@gmail.com' logged in.
INFO 2025-03-13 12:40:03,642 views 1005311 127414288247680 User 'admin@gmail.com' logged in.
INFO 2025-03-14 10:52:20,508 views 1005308 127414288247680 User 'aasundar@gmail.com' logged in.
INFO 2025-03-14 11:11:23,859 views 1005311 127414288247680 User 'admin@gmail.com' logged in.
INFO 2025-03-15 06:25:34,701 views 1005311 127414288247680 User 'admin@gmail.com' logged in.
INFO 2025-03-15 09:31:53,095 views 1244859 136770322213760 User 'admin@gmail.com' logged in.
INFO 2025-03-15 09:45:34,898 views 1245335 126650601290624 User 'admin@gmail.com' logged in.
INFO 2025-03-15 13:21:08,064 views 1245333 126650601290624 User 'subash@gmail.com' logged in.
INFO 2025-03-15 15:21:59,029 views 1245335 126650601290624 User 'admin@gmail.com' logged in.
INFO 2025-03-16 00:03:29,182 views 1245331 126650601290624 User 'aasundar@gmail.com' logged in.
INFO 2025-03-16 06:30:40,072 views 1245335 126650601290624 User 'ramu@gmail.com' logged in.
INFO 2025-03-16 06:31:22,661 views 1245335 126650601290624 User 'jega@gmail.com' logged in.
INFO 2025-03-16 15:12:53,097 views 1245332 126650601290624 User 'subash@gmail.com' logged in.
INFO 2025-03-17 04:09:42,638 views 1245331 126650601290624 User 'senthil@gmail.com' logged in.
INFO 2025-03-17 07:51:50,219 views 1245331 126650601290624 User 'admin@gmail.com' logged in.
INFO 2025-03-17 07:58:53,588 views 1245333 126650601290624 User 'ananthisubash@gmail.com' logged in.
INFO 2025-03-17 17:14:06,713 views 1245335 126650601290624 User 'aasundar@gmail.com' logged in.
INFO 2025-03-17 17:38:09,802 views 1245334 126650601290624 User 'subash@gmail.com' logged in.
INFO 2025-03-18 05:05:29,884 views 1245335 126650601290624 User 'admin@gmail.com' logged in.
INFO 2025-03-19 12:50:55,142 views 1245333 126650601290624 User 'subash@gmail.com' logged in.
INFO 2025-03-20 05:18:03,424 views 1245335 126650601290624 User 'admin@gmail.com' logged in.
INFO 2025-03-20 05:32:22,737 views 1245331 126650601290624 User 'ananthisubash@gmail.com' logged in.
INFO 2025-03-20 06:34:44,176 views 1245335 126650601290624 User 'aasundar@gmail.com' logged in.
INFO 2025-03-20 13:05:26,489 views 1245335 126650601290624 User 'senthil@gmail.com' logged in.
INFO 2025-03-22 10:05:05,341 views 1245335 126650601290624 User 'admin@gmail.com' logged in.
INFO 2025-03-22 10:15:21,380 views 1245333 126650601290624 User 'ananthisubash@gmail.com' logged in.
INFO 2025-03-22 10:17:29,596 views 1245333 126650601290624 User 'admin@gmail.com' logged in.
INFO 2025-03-23 15:05:17,154 views 1245335 126650601290624 User 'subash@gmail.com' logged in.
INFO 2025-03-24 07:15:08,512 views 1245333 126650601290624 User 'admin@gmail.com' logged in.
INFO 2025-03-24 07:19:14,969 views 1245333 126650601290624 User 'ananthisubash@gmail.com' logged in.
INFO 2025-03-25 08:51:12,608 views 1245333 126650601290624 User 'senthil@gmail.com' logged in.
INFO 2025-03-27 13:24:20,726 views 1245335 126650601290624 User 'aasundar@gmail.com' logged in.
INFO 2025-03-29 09:18:51,187 views 1245332 126650601290624 User 'admin@gmail.com' logged in.
INFO 2025-03-29 12:50:31,327 views 1245331 126650601290624 User 'subash@gmail.com' logged in.
INFO 2025-03-30 13:36:17,374 views 1245334 126650601290624 User 'subash@gmail.com' logged in.
INFO 2025-03-31 08:35:02,399 views 1245335 126650601290624 User 'admin@gmail.com' logged in.
INFO 2025-03-31 12:38:21,724 views 1245333 126650601290624 User 'senthil@gmail.com' logged in.
INFO 2025-04-01 14:47:59,314 views 1245333 126650601290624 User 'jega@gmail.com' logged in.
INFO 2025-04-02 02:20:26,534 views 1438255 127799418133376 User 'subash@gmail.com' logged in.
INFO 2025-04-03 07:23:14,586 views 1438255 127799418133376 User 'admin@gmail.com' logged in.
INFO 2025-04-03 09:27:05,931 views 1438256 127799418133376 User 'admin@gmail.com' logged in.
INFO 2025-04-03 09:46:27,871 views 1438258 127799418133376 User 'ananthisubash@gmail.com' logged in.
INFO 2025-04-03 14:10:23,821 views 1438255 127799418133376 User 'subash@gmail.com' logged in.
INFO 2025-04-04 04:39:45,361 views 1469189 129750786751360 User 'admin@gmail.com' logged in.
INFO 2025-04-04 09:03:38,242 views 1469189 129750786751360 User 'aasundar@gmail.com' logged in.
INFO 2025-04-04 15:43:23,389 views 1469189 129750786751360 User 'subash@gmail.com' logged in.
INFO 2025-04-05 04:38:38,891 views 1469185 129750786751360 User 'admin@gmail.com' logged in.
INFO 2025-04-05 04:50:49,842 views 1469189 129750786751360 User 'ananthisubash@gmail.com' logged in.
INFO 2025-04-05 10:51:58,481 views 1469185 129750786751360 User 'admin@gmail.com' logged in.
INFO 2025-04-08 04:53:44,057 views 1469187 129750786751360 User 'admin@gmail.com' logged in.
INFO 2025-04-08 08:55:45,286 views 1469188 129750786751360 User 'subash@gmail.com' logged in.
INFO 2025-04-09 05:13:51,149 views 1469186 129750786751360 User 'admin@gmail.com' logged in.
INFO 2025-04-09 09:38:23,952 views 1469189 129750786751360 User 'admin@gmail.com' logged in.
INFO 2025-04-09 12:36:36,843 views 1469188 129750786751360 User 'aasundar@gmail.com' logged in.
INFO 2025-04-09 18:06:52,066 views 1469188 129750786751360 User 'jega@gmail.com' logged in.
INFO 2025-04-10 12:31:01,264 views 1528771 137188060228480 User 'senthil@gmail.com' logged in.
INFO 2025-04-12 14:52:32,923 views 1528768 137188060228480 User 'admin@gmail.com' logged in.
INFO 2025-04-13 05:51:57,279 views 1528773 137188060228480 User 'master@gmail.com' logged in.
INFO 2025-04-13 05:57:50,270 views 1528770 137188060228480 User 'admin@gmail.com' logged in.
INFO 2025-04-13 06:20:58,003 views 1528773 137188060228480 User 'admin@gmail.com' logged in.
INFO 2025-04-13 06:24:07,692 views 1528770 137188060228480 User 'master@gmail.com' logged in.
INFO 2025-04-13 07:11:05,722 views 1528773 137188060228480 User 'admin@gmail.com' logged in.
INFO 2025-04-13 07:23:53,752 views 1528770 137188060228480 User 'admin@gmail.com' logged in.
INFO 2025-04-13 11:17:33,139 views 1528770 137188060228480 User 'subash@gmail.com' logged in.
INFO 2025-04-14 03:43:33,548 views 1528773 137188060228480 User 'admin@gmail.com' logged in.
INFO 2025-04-14 04:03:26,126 views 1528769 137188060228480 User 'admin@gmail.com' logged in.
INFO 2025-04-14 15:16:07,236 views 1528769 137188060228480 User 'subash@gmail.com' logged in.
INFO 2025-04-15 04:49:09,058 views 1528773 137188060228480 User 'senthil@gmail.com' logged in.
INFO 2025-04-15 07:39:38,790 views 1528768 137188060228480 User 'ananthisubash@gmail.com' logged in.
INFO 2025-04-15 07:40:16,662 views 1528770 137188060228480 User 'admin@gmail.com' logged in.
INFO 2025-04-15 09:43:51,200 views 1528769 137188060228480 User 'admin@gmail.com' logged in.
INFO 2025-04-15 10:17:38,289 views 1528773 137188060228480 User 'admin@gmail.com' logged in.
INFO 2025-04-16 14:56:30,524 views 1528773 137188060228480 User 'ramu@gmail.com' logged in.
INFO 2025-04-16 14:56:33,202 views 1528771 137188060228480 User 'aasundar@gmail.com' logged in.
INFO 2025-04-19 08:59:48,093 views 1528773 137188060228480 User 'admin@gmail.com' logged in.
INFO 2025-04-19 15:13:49,332 views 1528771 137188060228480 User 'senthil@gmail.com' logged in.
INFO 2025-04-20 07:18:41,959 views 1528770 137188060228480 User 'admin@gmail.com' logged in.
INFO 2025-04-20 12:07:22,164 views 1528768 137188060228480 User 'admin@gmail.com' logged in.
INFO 2025-04-20 12:08:09,732 views 1528773 137188060228480 User 'admin@gmail.com' logged in.
INFO 2025-04-20 12:19:47,542 views 1528771 137188060228480 User 'admin@gmail.com' logged in.
INFO 2025-04-20 12:52:26,140 views 1528771 137188060228480 User 'admin@gmail.com' logged in.
INFO 2025-04-21 07:51:34,195 views 1528771 137188060228480 User 'senthil@gmail.com' logged in.
INFO 2025-04-21 08:16:27,917 views 1528768 137188060228480 User 'admin@gmail.com' logged in.
INFO 2025-04-21 12:15:19,845 views 1528773 137188060228480 User 'admin@gmail.com' logged in.
INFO 2025-04-21 17:54:43,941 views 1528768 137188060228480 User 'subash@gmail.com' logged in.
INFO 2025-04-22 05:16:31,124 views 1528769 137188060228480 User 'admin@gmail.com' logged in.
INFO 2025-04-22 05:32:21,795 views 1528768 137188060228480 User 'ananthisubash@gmail.com' logged in.
INFO 2025-04-22 08:05:53,293 views 1528773 137188060228480 User 'admin@gmail.com' logged in.
INFO 2025-04-22 08:09:36,730 views 1528770 137188060228480 User 'admin@gmail.com' logged in.
INFO 2025-04-22 10:03:43,539 views 1528769 137188060228480 User 'senthil@gmail.com' logged in.
INFO 2025-04-23 12:17:09,011 views 1528773 137188060228480 User 'admin@gmail.com' logged in.
WARNING 2025-04-24 12:51:50,618 views 1528769 137188060228480 Login attempt failed for user '.
INFO 2025-04-24 12:52:06,706 views 1528773 137188060228480 User 'admin@gmail.com' logged in.
INFO 2025-04-25 05:11:22,752 views 1528769 137188060228480 User 'admin@gmail.com' logged in.
INFO 2025-04-26 11:56:03,541 views 1528773 137188060228480 User 'admin@gmail.com' logged in.
INFO 2025-04-27 09:35:18,390 views 1528771 137188060228480 User 'master@gmail.com' logged in.
INFO 2025-04-28 05:17:40,223 views 1528773 137188060228480 User 'subash@gmail.com' logged in.
INFO 2025-04-28 05:35:18,782 views 1528770 137188060228480 User 'admin@gmail.com' logged in.
INFO 2025-04-28 10:14:18,354 views 1528773 137188060228480 User 'admin@gmail.com' logged in.
INFO 2025-04-29 13:44:15,384 views 1528771 137188060228480 User 'admin@gmail.com' logged in.
INFO 2025-04-30 04:02:10,543 views 1528773 137188060228480 User 'jega@gmail.com' logged in.
INFO 2025-05-01 01:40:48,293 views 1528768 137188060228480 User 'subash@gmail.com' logged in.
INFO 2025-05-02 11:19:53,766 views 1528773 137188060228480 User 'admin@gmail.com' logged in.
INFO 2025-05-02 11:21:10,218 views 1528773 137188060228480 User 'ananthisubash@gmail.com' logged in.
INFO 2025-05-02 15:01:13,323 views 1528768 137188060228480 User 'subash@gmail.com' logged in.
INFO 2025-05-03 04:34:41,927 views 1528773 137188060228480 User 'senthil@gmail.com' logged in.
INFO 2025-05-03 16:11:30,059 views 1528768 137188060228480 User 'subash@gmail.com' logged in.
INFO 2025-05-04 14:39:01,407 views 1528773 137188060228480 User 'admin@gmail.com' logged in.
INFO 2025-05-05 08:33:59,918 views 1528770 137188060228480 User 'subash@gmail.com' logged in.
INFO 2025-05-05 08:34:56,361 views 1528770 137188060228480 User 'admin@gmail.com' logged in.
INFO 2025-05-05 09:15:04,414 views 1528769 137188060228480 User 'admin@gmail.com' logged in.
INFO 2025-05-06 04:38:58,116 views 1528768 137188060228480 User 'admin@gmail.com' logged in.
INFO 2025-05-06 04:49:15,281 views 1528773 137188060228480 User 'ananthisubash@gmail.com' logged in.
INFO 2025-05-06 16:30:06,025 views 1528771 137188060228480 User 'admin@gmail.com' logged in.
INFO 2025-05-06 17:49:06,471 views 1528769 137188060228480 User 'admin@gmail.com' logged in.
INFO 2025-05-07 01:45:42,682 views 1528770 137188060228480 User 'subash@gmail.com' logged in.
INFO 2025-05-07 05:37:03,673 views 1528768 137188060228480 User 'admin@gmail.com' logged in.
INFO 2025-05-07 05:45:45,077 views 1528768 137188060228480 User 'ananthisubash@gmail.com' logged in.
INFO 2025-05-07 05:59:20,093 views 1528773 137188060228480 User 'admin@gmail.com' logged in.
INFO 2025-05-08 13:56:38,168 views 1528773 137188060228480 User 'subash@gmail.com' logged in.
INFO 2025-05-09 14:59:42,262 views 1528773 137188060228480 User 'aasundar@gmail.com' logged in.
INFO 2025-05-09 17:20:57,663 views 1528771 137188060228480 User 'senthil@gmail.com' logged in.
INFO 2025-05-10 08:08:45,569 views 1528770 137188060228480 User 'admin@gmail.com' logged in.
INFO 2025-05-10 11:26:45,572 views 1830775 136746863917952 User 'admin@gmail.com' logged in.
INFO 2025-05-10 11:28:22,727 views 1830773 136746863917952 User 'admin@gmail.com' logged in.
INFO 2025-05-10 15:14:26,348 views 1830773 136746863917952 User 'admin@gmail.com' logged in.
INFO 2025-05-11 06:03:14,515 views 1830774 136746863917952 User 'admin@gmail.com' logged in.
INFO 2025-05-11 06:16:05,450 views 1830773 136746863917952 User 'master@gmail.com' logged in.
INFO 2025-05-11 11:22:37,535 views 1830775 136746863917952 User 'subash@gmail.com' logged in.
INFO 2025-05-12 14:09:49,008 views 1830774 136746863917952 User 'senthil@gmail.com' logged in.
INFO 2025-05-13 18:05:44,114 views 1830774 136746863917952 User 'jega@gmail.com' logged in.
INFO 2025-05-15 04:25:23,652 views 1830772 136746863917952 User 'senthil@gmail.com' logged in.
INFO 2025-05-15 04:55:52,346 views 1830774 136746863917952 User 'jega@gmail.com' logged in.
INFO 2025-05-16 01:03:24,082 views 1830772 136746863917952 User 'subash@gmail.com' logged in.
INFO 2025-05-16 17:21:49,059 views 1830773 136746863917952 User 'senthil@gmail.com' logged in.
WARNING 2025-05-17 22:32:39,686 views 1830773 136746863917952 Login attempt failed for user '.
WARNING 2025-05-17 22:33:02,952 views 1830771 136746863917952 Login attempt failed for user '.
INFO 2025-05-19 16:48:06,935 views 1830773 136746863917952 User 'subash@gmail.com' logged in.
INFO 2025-05-21 13:22:06,488 views 1830771 136746863917952 User 'senthil@gmail.com' logged in.
INFO 2025-05-23 10:29:05,912 views 1830775 136746863917952 User 'admin@gmail.com' logged in.
INFO 2025-05-23 10:57:57,575 views 1830774 136746863917952 User 'ananthisubash@gmail.com' logged in.
INFO 2025-05-23 10:59:00,459 views 1830775 136746863917952 User 'ananthisubash@gmail.com' logged in.
INFO 2025-05-23 13:32:36,499 views 1830773 136746863917952 User 'subash@gmail.com' logged in.
INFO 2025-05-25 08:00:16,540 views 1830771 136746863917952 User 'senthil@gmail.com' logged in.
INFO 2025-05-25 13:28:06,064 views 1830775 136746863917952 User 'subash@gmail.com' logged in.
INFO 2025-05-25 17:44:29,866 views 1830771 136746863917952 User 'admin@gmail.com' logged in.
INFO 2025-05-25 17:52:43,174 views 1830771 136746863917952 User 'subash@gmail.com' logged in.
INFO 2025-05-26 07:05:40,507 views 1830775 136746863917952 User 'admin@gmail.com' logged in.
INFO 2025-05-26 07:14:15,248 views 1830774 136746863917952 User 'ananthisubash@gmail.com' logged in.
INFO 2025-05-26 17:18:09,077 views 1830775 136746863917952 User 'admin@gmail.com' logged in.
INFO 2025-05-27 09:53:04,371 views 1830775 136746863917952 User 'ananthisubash@gmail.com' logged in.
INFO 2025-05-27 09:54:52,874 views 1830771 136746863917952 User 'admin@gmail.com' logged in.
INFO 2025-05-27 11:21:41,585 views 1830775 136746863917952 User 'admin@gmail.com' logged in.
INFO 2025-05-27 13:00:12,693 views 1830772 136746863917952 User 'subash@gmail.com' logged in.
INFO 2025-05-27 13:08:38,259 views 1830772 136746863917952 User 'admin@gmail.com' logged in.
INFO 2025-05-27 13:19:35,157 views 1830775 136746863917952 User 'subash@gmail.com' logged in.
INFO 2025-05-29 14:27:01,982 views 1830773 136746863917952 User 'senthil@gmail.com' logged in.
INFO 2025-05-30 07:06:48,604 views 1830774 136746863917952 User 'admin@gmail.com' logged in.
INFO 2025-06-01 15:23:44,850 views 1830775 136746863917952 User 'subash@gmail.com' logged in.
INFO 2025-06-02 01:48:19,844 views 1830773 136746863917952 User 'subash@gmail.com' logged in.
INFO 2025-06-02 01:48:49,537 views 1830772 136746863917952 User 'subash@gmail.com' logged in.
INFO 2025-06-02 10:26:36,808 views 1830772 136746863917952 User 'admin@gmail.com' logged in.
INFO 2025-06-02 10:29:09,408 views 1830775 136746863917952 User 'ananthisubash@gmail.com' logged in.
INFO 2025-06-24 11:22:22,423 views 21062 140654860611584 User 'admin@gmail.com' logged in.
INFO 2025-06-24 11:28:52,260 views 21061 140654860611584 User 'admin@gmail.com' logged in.
INFO 2025-06-24 11:29:18,924 views 21061 140654860611584 User 'admin@gmail.com' logged in.
INFO 2025-06-24 12:15:55,058 views 21062 140654860611584 User 'admin@gmail.com' logged in.
INFO 2025-06-25 05:50:55,649 views 21058 140654860611584 User 'admin@gmail.com' logged in.
INFO 2025-06-25 09:27:33,252 views 21061 140654860611584 User 'senthil@gmail.com' logged in.
INFO 2025-06-25 13:42:44,834 views 21062 140654860611584 User 'admin@gmail.com' logged in.
INFO 2025-06-25 13:49:56,727 views 21058 140654860611584 User 'admin@gmail.com' logged in.
INFO 2025-06-25 13:52:00,488 views 21059 140654860611584 User 'subash@gmail.com' logged in.
INFO 2025-06-25 14:02:48,539 views 21062 140654860611584 User 'admin@gmail.com' logged in.
INFO 2025-06-26 04:28:18,226 views 21059 140654860611584 User 'admin@gmail.com' logged in.
INFO 2025-06-26 14:45:41,274 views 21062 140654860611584 User 'ramu@gmail.com' logged in.
INFO 2025-06-26 17:42:39,640 views 21059 140654860611584 User 'admin@gmail.com' logged in.
INFO 2025-06-27 04:41:43,262 views 21062 140654860611584 User 'admin@gmail.com' logged in.
INFO 2025-06-27 04:50:39,943 views 21062 140654860611584 User 'ananthisubash@gmail.com' logged in.
INFO 2025-06-27 05:08:54,890 views 21058 140654860611584 User 'admin@gmail.com' logged in.
INFO 2025-06-27 11:56:31,577 views 21062 140654860611584 User 'admin@gmail.com' logged in.
INFO 2025-06-27 11:56:54,369 views 21062 140654860611584 User 'aasundar@gmail.com' logged in.
INFO 2025-06-27 13:00:22,513 views 21060 140654860611584 User 'senthil@gmail.com' logged in.
INFO 2025-06-28 04:37:34,349 views 21062 140654860611584 User 'admin@gmail.com' logged in.
INFO 2025-06-28 06:59:15,578 views 21059 140654860611584 User 'admin@gmail.com' logged in.
INFO 2025-06-28 07:31:45,137 views 21058 140654860611584 User 'admin@gmail.com' logged in.
INFO 2025-06-28 09:09:16,114 views 21061 140654860611584 User 'admin@gmail.com' logged in.
INFO 2025-06-28 09:09:49,172 views 21061 140654860611584 User 'admin@gmail.com' logged in.
INFO 2025-06-28 09:11:06,955 views 21062 140654860611584 User 'admin@gmail.com' logged in.
INFO 2025-06-28 13:21:31,882 views 21058 140654860611584 User 'admin@gmail.com' logged in.
INFO 2025-06-28 13:22:54,619 views 21059 140654860611584 User 'aasundar@gmail.com' logged in.
INFO 2025-06-28 13:24:40,407 views 21062 140654860611584 User 'ananthisubash@gmail.com' logged in.
INFO 2025-06-28 13:25:28,498 views 21062 140654860611584 User 'senthil@gmail.com' logged in.
INFO 2025-06-28 13:55:57,186 views 21062 140654860611584 User 'admin@gmail.com' logged in.
INFO 2025-06-29 01:02:17,583 views 21062 140654860611584 User 'subash@gmail.com' logged in.
INFO 2025-06-29 12:34:51,710 views 21059 140654860611584 User 'senthil@gmail.com' logged in.
INFO 2025-06-30 03:09:15,824 views 21062 140654860611584 User 'subash@gmail.com' logged in.
INFO 2025-06-30 05:15:58,110 views 21062 140654860611584 User 'admin@gmail.com' logged in.
INFO 2025-06-30 11:24:29,272 views 21062 140654860611584 User 'admin@gmail.com' logged in.
INFO 2025-06-30 18:12:22,854 views 21062 140654860611584 User 'admin@gmail.com' logged in.
INFO 2025-07-01 03:19:50,166 views 21062 140654860611584 User 'senthil@gmail.com' logged in.
INFO 2025-07-01 04:16:35,067 views 21062 140654860611584 User 'admin@gmail.com' logged in.
INFO 2025-07-01 04:38:24,852 views 21062 140654860611584 User 'admin@gmail.com' logged in.
INFO 2025-07-01 04:38:56,822 views 21062 140654860611584 User 'admin@gmail.com' logged in.
INFO 2025-07-01 04:42:50,845 views 21059 140654860611584 User 'admin@gmail.com' logged in.
INFO 2025-07-01 04:47:09,337 views 21061 140654860611584 User 'ananthisubash@gmail.com' logged in.
INFO 2025-07-02 04:27:10,100 views 21062 140654860611584 User 'admin@gmail.com' logged in.
INFO 2025-07-02 08:07:39,443 views 21062 140654860611584 User 'senthil@gmail.com' logged in.
INFO 2025-07-03 10:16:22,602 views 21058 140654860611584 User 'admin@gmail.com' logged in.
INFO 2025-07-04 02:40:55,138 views 21062 140654860611584 User 'senthil@gmail.com' logged in.
INFO 2025-07-07 04:40:14,962 views 21062 140654860611584 User 'admin@gmail.com' logged in.
INFO 2025-07-08 04:14:22,124 views 21062 140654860611584 User 'admin@gmail.com' logged in.
INFO 2025-07-11 03:57:41,997 views 21062 140654860611584 User 'senthil@gmail.com' logged in.
INFO 2025-07-11 06:31:17,440 views 21059 140654860611584 User 'senthil@gmail.com' logged in.
INFO 2025-07-11 12:57:19,360 views 21059 140654860611584 User 'subash@gmail.com' logged in.
INFO 2025-07-11 13:17:18,288 views 21059 140654860611584 User 'admin@gmail.com' logged in.
INFO 2025-07-11 13:25:49,797 views 21062 140654860611584 User 'subash@gmail.com' logged in.
INFO 2025-07-11 13:31:47,575 views 21062 140654860611584 User 'admin@gmail.com' logged in.
WARNING 2025-07-11 13:44:41,923 views 21059 140654860611584 Login attempt failed for user 'ananthisubash@gmail.com'.
WARNING 2025-07-11 13:44:52,375 views 21059 140654860611584 Login attempt failed for user 'ananthisubash@gmail.com'.
INFO 2025-07-11 13:44:59,866 views 21059 140654860611584 User 'ananthisubash@gmail.com' logged in.
INFO 2025-07-13 06:04:41,402 views 21059 140654860611584 User 'subash@gmail.com' logged in.
INFO 2025-07-13 06:20:59,567 views 21059 140654860611584 User 'ramu@gmail.com' logged in.
INFO 2025-07-13 06:37:17,853 views 21059 140654860611584 User 'senthil@gmail.com' logged in.
INFO 2025-07-16 02:04:10,856 views 21062 140654860611584 User 'subash@gmail.com' logged in.
INFO 2025-07-16 02:14:55,678 views 21062 140654860611584 User 'admin@gmail.com' logged in.
INFO 2025-07-16 02:29:43,678 views 21062 140654860611584 User 'ananthisubash@gmail.com' logged in.
INFO 2025-07-16 02:30:35,051 views 21062 140654860611584 User 'subash@gmail.com' logged in.
INFO 2025-07-16 13:35:55,155 views 21059 140654860611584 User 'ramu@gmail.com' logged in.
INFO 2025-07-18 12:20:57,050 views 21062 140654860611584 User 'senthil@gmail.com' logged in.
INFO 2025-07-19 17:17:47,259 views 21062 140654860611584 User 'senthil@gmail.com' logged in.
INFO 2025-07-20 13:53:58,261 views 21061 140654860611584 User 'subash@gmail.com' logged in.
INFO 2025-07-22 02:55:36,409 views 21059 140654860611584 User 'subash@gmail.com' logged in.
INFO 2025-07-22 04:39:30,324 views 21062 140654860611584 User 'admin@gmail.com' logged in.
INFO 2025-07-23 13:46:10,384 views 21062 140654860611584 User 'admin@gmail.com' logged in.
INFO 2025-07-23 13:53:38,021 views 21062 140654860611584 User 'subash@gmail.com' logged in.
INFO 2025-07-23 14:25:20,015 views 21062 140654860611584 User 'admin@gmail.com' logged in.
INFO 2025-07-23 14:27:33,376 views 21062 140654860611584 User 'ananthisubash@gmail.com' logged in.
INFO 2025-07-25 15:14:17,594 views 21059 140654860611584 User 'subash@gmail.com' logged in.
INFO 2025-07-25 16:26:50,917 views 21058 140654860611584 User 'admin@gmail.com' logged in.
INFO 2025-07-25 16:41:51,105 views 21062 140654860611584 User 'subash@gmail.com' logged in.
INFO 2025-07-26 12:12:31,685 views 21061 140654860611584 User 'senthil@gmail.com' logged in.
INFO 2025-07-28 04:49:44,694 views 21059 140654860611584 User 'subash@gmail.com' logged in.
INFO 2025-07-28 08:18:25,911 views 21062 140654860611584 User 'admin@gmail.com' logged in.
INFO 2025-07-29 12:35:52,252 views 21062 140654860611584 User 'senthil@gmail.com' logged in.
INFO 2025-07-29 13:01:47,983 views 21058 140654860611584 User 'subash@gmail.com' logged in.
INFO 2025-07-29 13:01:57,877 views 21058 140654860611584 User 'subash@gmail.com' logged in.
INFO 2025-07-29 13:26:56,894 views 21062 140654860611584 User 'admin@gmail.com' logged in.
INFO 2025-07-29 13:51:26,708 views 21061 140654860611584 User 'subash@gmail.com' logged in.
INFO 2025-07-29 14:07:25,583 views 21058 140654860611584 User 'admin@gmail.com' logged in.
INFO 2025-07-29 14:09:50,218 views 21062 140654860611584 User 'ananthisubash@gmail.com' logged in.
INFO 2025-08-01 14:31:39,050 views 21061 140654860611584 User 'senthil@gmail.com' logged in.
INFO 2025-08-04 14:29:39,488 views 21059 140654860611584 User 'admin@gmail.com' logged in.
INFO 2025-08-04 16:28:26,206 views 21062 140654860611584 User 'senthil@gmail.com' logged in.
INFO 2025-08-05 07:29:29,281 views 21062 140654860611584 User 'admin@gmail.com' logged in.
INFO 2025-08-05 08:56:54,105 views 21059 140654860611584 User 'admin@gmail.com' logged in.
INFO 2025-08-05 08:59:54,323 views 21062 140654860611584 User 'subash@gmail.com' logged in.
INFO 2025-08-05 09:06:05,735 views 21061 140654860611584 User 'admin@gmail.com' logged in.
INFO 2025-08-05 09:07:29,792 views 21062 140654860611584 User 'ananthisubash@gmail.com' logged in.
INFO 2025-08-06 07:07:39,647 views 21062 140654860611584 User 'senthil@gmail.com' logged in.
INFO 2025-08-09 07:26:23,595 views 21062 140654860611584 User 'senthil@gmail.com' logged in.
INFO 2025-08-10 05:28:27,284 views 21061 140654860611584 User 'master@gmail.com' logged in.
INFO 2025-08-11 04:31:24,426 views 21059 140654860611584 User 'subash@gmail.com' logged in.
INFO 2025-08-16 08:54:05,359 views 40450 140459054350336 User 'admin@gmail.com' logged in.
INFO 2025-08-16 08:54:32,408 views 40449 140459054350336 User 'admin@gmail.com' logged in.
INFO 2025-08-16 08:56:54,634 views 40452 140459054350336 User 'admin@gmail.com' logged in.
INFO 2025-08-16 09:01:57,622 views 40450 140459054350336 User 'admin@gmail.com' logged in.
INFO 2025-08-16 09:14:00,976 views 40452 140459054350336 User 'ananthisubash@gmail.com' logged in.
INFO 2025-08-16 09:57:09,729 views 40451 140459054350336 User 'admin@gmail.com' logged in.
INFO 2025-08-16 10:09:03,052 views 40450 140459054350336 User 'admin@gmail.com' logged in.
INFO 2025-08-16 10:10:07,705 views 40449 140459054350336 User 'subash@gmail.com' logged in.
INFO 2025-08-16 10:32:43,452 views 40452 140459054350336 User 'admin@gmail.com' logged in.
INFO 2025-08-16 10:37:05,154 views 40452 140459054350336 User 'admin@gmail.com' logged in.
INFO 2025-08-16 10:40:30,387 views 40452 140459054350336 User 'ananthisubash@gmail.com' logged in.
INFO 2025-08-16 10:41:13,119 views 40450 140459054350336 User 'subash@gmail.com' logged in.
INFO 2025-08-16 13:08:29,869 views 40452 140459054350336 User 'admin@gmail.com' logged in.
INFO 2025-08-17 02:48:29,669 views 40452 140459054350336 User 'subash@gmail.com' logged in.
INFO 2025-08-17 02:50:17,371 views 40449 140459054350336 User 'admin@gmail.com' logged in.
INFO 2025-08-17 16:22:38,878 views 40452 140459054350336 User 'subash@gmail.com' logged in.
INFO 2025-08-17 16:36:00,341 views 40449 140459054350336 User 'admin@gmail.com' logged in.
INFO 2025-08-18 00:30:18,373 views 40450 140459054350336 User 'admin@gmail.com' logged in.
INFO 2025-08-19 02:17:14,247 views 40452 140459054350336 User 'admin@gmail.com' logged in.
INFO 2025-08-19 07:34:06,382 views 40452 140459054350336 User 'senthil@gmail.com' logged in.
INFO 2025-08-24 06:40:09,975 views 40452 140459054350336 User 'senthil@gmail.com' logged in.
INFO 2025-08-24 16:24:37,060 views 40452 140459054350336 User 'admin@gmail.com' logged in.
INFO 2025-08-25 14:59:13,382 views 40452 140459054350336 User 'senthil@gmail.com' logged in.
INFO 2025-08-26 11:19:27,434 views 40452 140459054350336 User 'subash@gmail.com' logged in.
INFO 2025-08-26 11:19:54,597 views 40452 140459054350336 User 'admin@gmail.com' logged in.
INFO 2025-08-26 11:21:36,439 views 40451 140459054350336 User 'subash@gmail.com' logged in.
INFO 2025-08-26 11:39:13,238 views 40451 140459054350336 User 'admin@gmail.com' logged in.
INFO 2025-08-26 11:41:14,057 views 40451 140459054350336 User 'ananthisubash@gmail.com' logged in.
INFO 2025-08-26 11:42:46,958 views 40450 140459054350336 User 'ananthisubash@gmail.com' logged in.
INFO 2025-08-28 11:41:22,590 views 40451 140459054350336 User 'senthil@gmail.com' logged in.
INFO 2025-08-31 13:07:23,106 views 40449 140459054350336 User 'master@gmail.com' logged in.
INFO 2025-09-01 13:05:57,407 views 40452 140459054350336 User 'ramu@gmail.com' logged in.
INFO 2025-09-02 01:26:20,511 views 40450 140459054350336 User 'senthil@gmail.com' logged in.
INFO 2025-09-03 13:56:45,152 views 40451 140459054350336 User 'admin@gmail.com' logged in.
INFO 2025-09-03 14:00:49,928 views 40449 140459054350336 User 'aasundar@gmail.com' logged in.
INFO 2025-09-03 15:01:15,271 views 40452 140459054350336 User 'admin@gmail.com' logged in.
INFO 2025-09-03 15:02:21,323 views 40451 140459054350336 User 'aasundar@gmail.com' logged in.
INFO 2025-09-04 14:47:14,411 views 40452 140459054350336 User 'subash@gmail.com' logged in.
INFO 2025-09-06 07:56:28,571 views 40451 140459054350336 User 'senthil@gmail.com' logged in.
INFO 2025-09-06 10:09:29,981 views 40451 140459054350336 User 'admin@gmail.com' logged in.
INFO 2025-09-06 10:10:58,619 views 40451 140459054350336 User 'subash@gmail.com' logged in.
INFO 2025-09-06 10:28:19,568 views 40451 140459054350336 User 'admin@gmail.com' logged in.
INFO 2025-09-06 10:32:50,907 views 40452 140459054350336 User 'subash@gmail.com' logged in.
INFO 2025-09-06 10:43:43,751 views 40448 140459054350336 User 'admin@gmail.com' logged in.
INFO 2025-09-06 10:45:09,401 views 40452 140459054350336 User 'ananthisubash@gmail.com' logged in.
INFO 2025-09-06 14:51:38,803 views 40452 140459054350336 User 'master@gmail.com' logged in.
INFO 2025-09-12 13:24:20,400 views 40452 140459054350336 User 'senthil@gmail.com' logged in.
INFO 2025-09-15 06:46:42,109 views 40450 140459054350336 User 'admin@gmail.com' logged in.
INFO 2025-09-15 06:49:15,169 views 40451 140459054350336 User 'subash@gmail.com' logged in.
INFO 2025-09-15 07:19:39,846 views 40452 140459054350336 User 'admin@gmail.com' logged in.
INFO 2025-09-15 07:22:20,746 views 40452 140459054350336 User 'ananthisubash@gmail.com' logged in.
INFO 2025-09-15 11:28:40,040 views 40450 140459054350336 User 'admin@gmail.com' logged in.
INFO 2025-09-15 12:17:57,530 views 40451 140459054350336 User 'admin@gmail.com' logged in.
INFO 2025-09-15 12:21:56,223 views 40452 140459054350336 User 'admin@gmail.com' logged in.
INFO 2025-09-15 12:21:59,656 views 40450 140459054350336 User 'admin@gmail.com' logged in.
INFO 2025-09-16 01:21:04,640 views 40452 140459054350336 User 'senthil@gmail.com' logged in.
INFO 2025-09-17 02:36:50,756 views 40450 140459054350336 User 'admin@gmail.com' logged in.
INFO 2025-09-18 05:54:04,476 views 40452 140459054350336 User 'admin@gmail.com' logged in.
INFO 2025-09-22 02:28:46,956 views 40452 140459054350336 User 'senthil@gmail.com' logged in.
INFO 2025-09-22 14:19:31,233 views 40452 140459054350336 User 'subash@gmail.com' logged in.
INFO 2025-09-23 05:38:25,567 views 40452 140459054350336 User 'senthil@gmail.com' logged in.
INFO 2025-09-25 02:17:58,705 views 40452 140459054350336 User 'subash@gmail.com' logged in.
INFO 2025-09-25 05:33:08,519 views 40450 140459054350336 User 'senthil@gmail.com' logged in.
INFO 2025-09-25 13:10:01,704 views 40452 140459054350336 User 'admin@gmail.com' logged in.
INFO 2025-09-25 13:19:15,695 views 40452 140459054350336 User 'subash@gmail.com' logged in.
INFO 2025-09-25 13:34:08,961 views 40450 140459054350336 User 'subash@gmail.com' logged in.
INFO 2025-09-25 13:34:30,378 views 40452 140459054350336 User 'admin@gmail.com' logged in.
INFO 2025-09-25 13:40:00,666 views 40451 140459054350336 User 'ananthisubash@gmail.com' logged in.
INFO 2025-09-25 13:40:22,168 views 40449 140459054350336 User 'subash@gmail.com' logged in.
INFO 2025-09-25 15:37:29,501 views 40452 140459054350336 User 'subash@gmail.com' logged in.
INFO 2025-09-26 11:39:23,027 views 40450 140459054350336 User 'admin@gmail.com' logged in.
INFO 2025-09-28 05:41:40,499 views 40452 140459054350336 User 'senthil@gmail.com' logged in.
INFO 2025-09-29 06:28:09,989 views 40452 140459054350336 User 'senthil@gmail.com' logged in.
INFO 2025-09-30 04:41:41,599 views 40452 140459054350336 User 'admin@gmail.com' logged in.
INFO 2025-10-01 08:32:39,691 views 40451 140459054350336 User 'subash@gmail.com' logged in.
INFO 2025-10-01 08:33:21,878 views 40451 140459054350336 User 'admin@gmail.com' logged in.
INFO 2025-10-01 08:39:38,267 views 40452 140459054350336 User 'subash@gmail.com' logged in.
INFO 2025-10-01 08:43:45,035 views 40452 140459054350336 User 'ananthisubash@gmail.com' logged in.
INFO 2025-10-01 08:44:44,644 views 40451 140459054350336 User 'admin@gmail.com' logged in.
INFO 2025-10-01 08:51:38,759 views 40451 140459054350336 User 'admin@gmail.com' logged in.
INFO 2025-10-01 08:53:54,342 views 40448 140459054350336 User 'ananthisubash@gmail.com' logged in.
INFO 2025-10-01 08:54:07,131 views 40452 140459054350336 User 'admin@gmail.com' logged in.
INFO 2025-10-01 08:57:56,346 views 40451 140459054350336 User 'admin@gmail.com' logged in.
INFO 2025-10-01 08:59:20,373 views 40451 140459054350336 User 'ananthisubash@gmail.com' logged in.
INFO 2025-10-03 04:04:20,119 views 40452 140459054350336 User 'senthil@gmail.com' logged in.
INFO 2025-10-06 04:57:01,159 views 40452 140459054350336 User 'admin@gmail.com' logged in.
INFO 2025-10-07 05:06:41,745 views 40452 140459054350336 User 'senthil@gmail.com' logged in.
INFO 2025-10-07 08:31:23,220 views 40452 140459054350336 User 'subash@gmail.com' logged in.
INFO 2025-10-07 13:27:43,540 views 40451 140459054350336 User 'master@gmail.com' logged in.
INFO 2025-10-08 07:17:08,384 views 40452 140459054350336 User 'ramu@gmail.com' logged in.
INFO 2025-10-08 10:21:08,638 views 40450 140459054350336 User 'admin@gmail.com' logged in.
INFO 2025-10-08 10:24:30,251 views 40452 140459054350336 User 'subash@gmail.com' logged in.
INFO 2025-10-08 10:43:05,356 views 40452 140459054350336 User 'admin@gmail.com' logged in.
INFO 2025-10-08 10:56:35,862 views 40451 140459054350336 User 'admin@gmail.com' logged in.
INFO 2025-10-08 11:07:15,254 views 40450 140459054350336 User 'ananthisubash@gmail.com' logged in.
INFO 2025-10-08 11:07:41,688 views 40451 140459054350336 User 'subash@gmail.com' logged in.
INFO 2025-10-09 03:23:02,881 views 40452 140459054350336 User 'senthil@gmail.com' logged in.
INFO 2025-10-10 09:24:15,694 views 40451 140459054350336 User 'admin@gmail.com' logged in.
INFO 2025-10-11 16:45:47,604 views 40451 140459054350336 User 'senthil@gmail.com' logged in.
INFO 2025-10-12 04:16:22,772 views 40452 140459054350336 User 'aasundar@gmail.com' logged in.
INFO 2025-10-12 06:02:22,517 views 40452 140459054350336 User 'master@gmail.com' logged in.
INFO 2025-10-13 05:20:17,823 views 40450 140459054350336 User 'senthil@gmail.com' logged in.
INFO 2025-10-14 06:10:27,691 views 40451 140459054350336 User 'admin@gmail.com' logged in.
INFO 2025-10-15 06:29:16,179 views 40452 140459054350336 User 'admin@gmail.com' logged in.
INFO 2025-10-15 13:11:56,672 views 40451 140459054350336 User 'senthil@gmail.com' logged in.
INFO 2025-10-15 14:40:10,178 views 40450 140459054350336 User 'aasundar@gmail.com' logged in.
INFO 2025-10-15 15:09:11,316 views 40452 140459054350336 User 'subash@gmail.com' logged in.
INFO 2025-10-16 04:56:35,380 views 40451 140459054350336 User 'admin@gmail.com' logged in.
INFO 2025-10-16 05:20:36,175 views 40450 140459054350336 User 'subash@gmail.com' logged in.
INFO 2025-10-16 05:22:08,240 views 40452 140459054350336 User 'admin@gmail.com' logged in.
INFO 2025-10-16 10:06:28,658 views 40451 140459054350336 User 'ananthisubash@gmail.com' logged in.
INFO 2025-10-16 10:07:21,115 views 40452 140459054350336 User 'ananthisubash@gmail.com' logged in.
INFO 2025-10-17 04:21:27,278 views 40448 140459054350336 User 'senthil@gmail.com' logged in.
INFO 2025-10-17 17:27:32,137 views 40452 140459054350336 User 'subash@gmail.com' logged in.
INFO 2025-10-17 18:13:53,136 views 40452 140459054350336 User 'admin@gmail.com' logged in.
INFO 2025-10-17 18:16:48,810 views 40451 140459054350336 User 'ananthisubash@gmail.com' logged in.
INFO 2025-10-18 04:50:40,414 views 40451 140459054350336 User 'admin@gmail.com' logged in.
INFO 2025-10-20 02:26:09,301 views 40452 140459054350336 User 'senthil@gmail.com' logged in.
INFO 2025-10-23 06:07:23,317 views 40450 140459054350336 User 'senthil@gmail.com' logged in.
INFO 2025-10-24 17:12:32,952 views 40449 140459054350336 User 'aasundar@gmail.com' logged in.
INFO 2025-10-27 09:30:12,895 views 40449 140459054350336 User 'admin@gmail.com' logged in.
INFO 2025-10-28 07:41:24,407 views 40450 140459054350336 User 'admin@gmail.com' logged in.
INFO 2025-10-28 14:55:28,623 views 40451 140459054350336 User 'aasundar@gmail.com' logged in.
INFO 2025-10-28 15:00:24,372 views 40452 140459054350336 User 'subash@gmail.com' logged in.
INFO 2025-10-29 04:34:16,939 views 40452 140459054350336 User 'senthil@gmail.com' logged in.
INFO 2025-10-30 03:53:41,471 views 40452 140459054350336 User 'senthil@gmail.com' logged in.
INFO 2025-10-30 04:45:53,648 views 40449 140459054350336 User 'admin@gmail.com' logged in.
INFO 2025-10-30 05:15:45,847 views 40449 140459054350336 User 'subash@gmail.com' logged in.
INFO 2025-10-30 05:42:15,108 views 40452 140459054350336 User 'admin@gmail.com' logged in.
INFO 2025-10-30 05:44:28,967 views 40452 140459054350336 User 'subash@gmail.com' logged in.
INFO 2025-10-30 05:45:50,453 views 40452 140459054350336 User 'ananthisubash@gmail.com' logged in.
INFO 2025-10-30 05:47:37,098 views 40452 140459054350336 User 'admin@gmail.com' logged in.
INFO 2025-10-31 06:45:41,727 views 40449 140459054350336 User 'admin@gmail.com' logged in.
INFO 2025-10-31 15:18:22,363 views 40449 140459054350336 User 'ramu@gmail.com' logged in.
WARNING 2025-11-06 16:26:04,513 views 691 140072224931840 Login attempt failed for user 'admin@gmail.com'.
WARNING 2025-11-06 16:32:13,928 views 620 139999919919104 Login attempt failed for user 'admin@gmail.com'.
INFO 2025-11-07 16:13:44,852 views 622 139999919919104 User 'admin@gmail.com' logged in.
INFO 2025-11-10 06:02:41,718 views 622 139999919919104 User 'ramu@gmail.com' logged in.
INFO 2025-11-10 09:21:13,347 views 623 139999919919104 User 'subash@gmail.com' logged in.
INFO 2025-11-10 14:46:57,434 views 623 139999919919104 User 'aasundar@gmail.com' logged in.
INFO 2025-11-11 15:20:25,709 views 621 139999919919104 User 'subash@gmail.com' logged in.
INFO 2025-11-11 15:24:25,625 views 623 139999919919104 User 'admin@gmail.com' logged in.
INFO 2025-11-11 15:56:43,207 views 622 139999919919104 User 'subash@gmail.com' logged in.
INFO 2025-11-11 16:30:00,490 views 623 139999919919104 User 'admin@gmail.com' logged in.
INFO 2025-11-11 16:31:26,323 views 622 139999919919104 User 'subash@gmail.com' logged in.
INFO 2025-11-11 16:33:48,138 views 622 139999919919104 User 'ananthisubash@gmail.com' logged in.
INFO 2025-11-12 17:29:33,679 views 623 139999919919104 User 'senthil@gmail.com' logged in.
INFO 2025-11-17 10:12:06,644 views 623 139999919919104 User 'admin@gmail.com' logged in.
INFO 2025-11-17 10:21:05,789 views 623 139999919919104 User 'admin@gmail.com' logged in.
INFO 2025-11-17 10:21:08,947 views 620 139999919919104 User 'admin@gmail.com' logged in.
INFO 2025-11-17 11:00:15,012 views 623 139999919919104 User 'aasundar@gmail.com' logged in.
INFO 2025-11-17 14:59:21,606 views 621 139999919919104 User 'admin@gmail.com' logged in.
INFO 2025-11-17 15:08:17,261 views 619 139999919919104 User 'aasundar@gmail.com' logged in.
INFO 2025-11-18 05:59:32,674 views 623 139999919919104 User 'senthil@gmail.com' logged in.
INFO 2025-11-18 09:40:56,217 views 622 139999919919104 User 'admin@gmail.com' logged in.
INFO 2025-11-18 09:42:11,963 views 623 139999919919104 User 'subash@gmail.com' logged in.
INFO 2025-11-18 17:45:36,576 views 623 139999919919104 User 'subash@gmail.com' logged in.
INFO 2025-11-18 17:51:40,539 views 622 139999919919104 User 'admin@gmail.com' logged in.
INFO 2025-11-18 18:37:05,343 views 623 139999919919104 User 'subash@gmail.com' logged in.
INFO 2025-11-18 18:40:16,877 views 622 139999919919104 User 'admin@gmail.com' logged in.
INFO 2025-11-18 18:57:34,331 views 623 139999919919104 User 'subash@gmail.com' logged in.
INFO 2025-11-18 18:59:30,703 views 623 139999919919104 User 'admin@gmail.com' logged in.
INFO 2025-11-18 19:06:13,323 views 623 139999919919104 User 'subash@gmail.com' logged in.
INFO 2025-11-18 19:11:17,313 views 623 139999919919104 User 'admin@gmail.com' logged in.
INFO 2025-11-18 19:38:44,541 views 623 139999919919104 User 'ananthisubash@gmail.com' logged in.
INFO 2025-11-19 00:32:06,792 views 623 139999919919104 User 'admin@gmail.com' logged in.
INFO 2025-11-19 05:44:50,020 views 621 139999919919104 User 'admin@gmail.com' logged in.
INFO 2025-11-19 05:47:43,271 views 623 139999919919104 User 'admin@gmail.com' logged in.
INFO 2025-11-22 12:30:14,891 views 623 139999919919104 User 'senthil@gmail.com' logged in.
INFO 2025-11-23 12:55:21,212 views 622 139999919919104 User 'aasundar@gmail.com' logged in.
INFO 2025-11-24 13:16:23,510 views 623 139999919919104 User 'admin@gmail.com' logged in.
INFO 2025-11-24 13:18:38,315 views 622 139999919919104 User 'subash@gmail.com' logged in.
INFO 2025-11-24 13:20:25,133 views 620 139999919919104 User 'admin@gmail.com' logged in.
INFO 2025-11-24 16:33:10,606 views 621 139999919919104 User 'admin@gmail.com' logged in.
INFO 2025-11-24 16:47:22,661 views 623 139999919919104 User 'subash@gmail.com' logged in.
INFO 2025-11-24 16:49:25,897 views 622 139999919919104 User 'ananthisubash@gmail.com' logged in.
INFO 2025-11-26 03:29:37,418 views 622 139999919919104 User 'ramu@gmail.com' logged in.
INFO 2025-11-28 04:17:09,419 views 623 139999919919104 User 'senthil@gmail.com' logged in.
INFO 2025-11-30 05:14:29,672 views 621 139999919919104 User 'senthil@gmail.com' logged in.
INFO 2025-12-01 12:14:19,822 views 621 139999919919104 User 'admin@gmail.com' logged in.
INFO 2025-12-01 12:37:09,091 views 622 139999919919104 User 'subash@gmail.com' logged in.
INFO 2025-12-01 12:44:38,459 views 623 139999919919104 User 'admin@gmail.com' logged in.
INFO 2025-12-04 04:48:33,695 views 621 139999919919104 User 'admin@gmail.com' logged in.
INFO 2025-12-04 04:57:34,955 views 623 139999919919104 User 'subash@gmail.com' logged in.
INFO 2025-12-04 05:01:28,477 views 622 139999919919104 User 'admin@gmail.com' logged in.
INFO 2025-12-04 05:20:50,747 views 623 139999919919104 User 'ananthisubash@gmail.com' logged in.
INFO 2025-12-05 11:21:20,545 views 623 139999919919104 User 'aasundar@gmail.com' logged in.
INFO 2025-12-05 11:25:10,986 views 619 139999919919104 User 'admin@gmail.com' logged in.
INFO 2025-12-05 11:25:34,494 views 623 139999919919104 User 'admin@gmail.com' logged in.
INFO 2025-12-06 05:44:48,407 views 623 139999919919104 User 'admin@gmail.com' logged in.
INFO 2025-12-06 05:45:20,113 views 623 139999919919104 User 'aasundar@gmail.com' logged in.
INFO 2025-12-10 09:44:17,499 views 623 139999919919104 User 'admin@gmail.com' logged in.
INFO 2025-12-10 09:46:00,316 views 622 139999919919104 User 'subash@gmail.com' logged in.
INFO 2025-12-10 10:17:28,015 views 611 140075126566912 User 'admin@gmail.com' logged in.
INFO 2025-12-10 10:45:48,136 views 612 140075126566912 User 'admin@gmail.com' logged in.
INFO 2025-12-10 10:46:17,274 views 612 140075126566912 User 'ananthisubash@gmail.com' logged in.
INFO 2025-12-11 04:13:36,171 views 613 140075126566912 User 'senthil@gmail.com' logged in.
INFO 2025-12-12 02:24:07,935 views 613 140075126566912 User 'ramu@gmail.com' logged in.
INFO 2025-12-15 03:07:12,668 views 612 140075126566912 User 'admin@gmail.com' logged in.
INFO 2025-12-15 14:31:32,514 views 613 140075126566912 User 'admin@gmail.com' logged in.
INFO 2025-12-15 14:32:06,238 views 612 140075126566912 User 'subash@gmail.com' logged in.
INFO 2025-12-17 13:40:23,568 views 613 140075126566912 User 'ramu@gmail.com' logged in.
INFO 2025-12-18 06:22:35,076 views 613 140075126566912 User 'admin@gmail.com' logged in.
INFO 2025-12-18 06:54:10,704 views 613 140075126566912 User 'subash@gmail.com' logged in.
INFO 2025-12-18 06:58:12,217 views 611 140075126566912 User 'admin@gmail.com' logged in.
WARNING 2025-12-18 07:06:00,736 views 613 140075126566912 Login attempt failed for user 'ananthisubash@gmail.com'.
INFO 2025-12-18 07:06:20,371 views 612 140075126566912 User 'ananthisubash@gmail.com' logged in.
INFO 2025-12-18 09:41:30,242 views 612 140075126566912 User 'aasundar@gmail.com' logged in.
INFO 2025-12-18 11:53:22,520 views 612 140075126566912 User 'admin@gmail.com' logged in.
INFO 2025-12-19 06:53:19,729 views 612 140075126566912 User 'ramu@gmail.com' logged in.
INFO 2025-12-19 12:56:22,162 views 612 140075126566912 User 'subash@gmail.com' logged in.
INFO 2025-12-20 06:31:35,574 views 612 140075126566912 User 'senthil@gmail.com' logged in.
INFO 2025-12-20 08:20:00,064 views 613 140075126566912 User 'admin@gmail.com' logged in.
INFO 2025-12-20 09:25:54,168 views 613 140075126566912 User 'admin@gmail.com' logged in.
INFO 2025-12-20 15:28:09,044 views 612 140075126566912 User 'aasundar@gmail.com' logged in.
INFO 2025-12-21 09:41:26,932 views 613 140075126566912 User 'subash@gmail.com' logged in.
INFO 2025-12-21 12:06:13,327 views 613 140075126566912 User 'senthil@gmail.com' logged in.
INFO 2025-12-21 12:08:25,136 views 613 140075126566912 User 'admin@gmail.com' logged in.
INFO 2025-12-21 12:08:34,698 views 612 140075126566912 User 'ramu@gmail.com' logged in.
INFO 2025-12-22 02:40:52,546 views 612 140075126566912 User 'ananthisubash@gmail.com' logged in.
INFO 2025-12-22 02:41:30,978 views 613 140075126566912 User 'subash@gmail.com' logged in.
INFO 2025-12-22 02:42:11,790 views 613 140075126566912 User 'admin@gmail.com' logged in.
INFO 2025-12-22 02:43:04,940 views 611 140075126566912 User 'subash@gmail.com' logged in.
INFO 2025-12-22 02:58:03,657 views 610 140075126566912 User 'admin@gmail.com' logged in.
INFO 2025-12-22 02:59:39,302 views 613 140075126566912 User 'ananthisubash@gmail.com' logged in.
INFO 2025-12-22 05:08:56,867 views 613 140075126566912 User 'aasundar@gmail.com' logged in.
INFO 2025-12-22 05:09:02,697 views 611 140075126566912 User 'aasundar@gmail.com' logged in.
INFO 2025-12-22 10:40:42,837 views 609 140075126566912 User 'ramu@gmail.com' logged in.
INFO 2025-12-22 11:13:23,708 views 613 140075126566912 User 'admin@gmail.com' logged in.
INFO 2025-12-22 13:44:51,923 views 613 140075126566912 User 'ramu@gmail.com' logged in.
INFO 2025-12-22 14:26:39,821 views 609 140075126566912 User 'subash@gmail.com' logged in.
INFO 2025-12-22 16:05:09,825 views 613 140075126566912 User 'senthil@gmail.com' logged in.
INFO 2025-12-26 14:34:19,493 views 610 140075126566912 User 'senthil@gmail.com' logged in.
INFO 2025-12-29 04:50:31,587 views 613 140075126566912 User 'admin@gmail.com' logged in.
INFO 2025-12-29 05:00:01,452 views 612 140075126566912 User 'subash@gmail.com' logged in.
INFO 2025-12-29 05:24:51,558 views 613 140075126566912 User 'admin@gmail.com' logged in.
INFO 2025-12-29 05:27:01,613 views 610 140075126566912 User 'ananthisubash@gmail.com' logged in.
INFO 2025-12-29 05:32:35,837 views 612 140075126566912 User 'subash@gmail.com' logged in.
INFO 2025-12-29 16:25:27,861 views 612 140075126566912 User 'admin@gmail.com' logged in.
INFO 2025-12-30 02:21:14,925 views 613 140075126566912 User 'aasundar@gmail.com' logged in.
INFO 2025-12-30 03:49:09,327 views 613 140075126566912 User 'ramu@gmail.com' logged in.
INFO 2025-12-30 04:56:47,827 views 613 140075126566912 User 'admin@gmail.com' logged in.
INFO 2025-12-30 05:17:49,751 views 612 140075126566912 User 'ananthisubash@gmail.com' logged in.
INFO 2025-12-31 07:35:36,714 views 612 140075126566912 User 'admin@gmail.com' logged in.
INFO 2026-01-01 04:06:46,065 views 612 140075126566912 User 'subash@gmail.com' logged in.
INFO 2026-01-04 01:39:13,504 views 612 140075126566912 User 'senthil@gmail.com' logged in.
INFO 2026-01-05 04:45:11,533 views 612 140075126566912 User 'admin@gmail.com' logged in.
INFO 2026-01-05 04:46:35,673 views 613 140075126566912 User 'subash@gmail.com' logged in.
INFO 2026-01-05 04:49:19,061 views 613 140075126566912 User 'subash@gmail.com' logged in.
WARNING 2026-01-05 04:54:32,669 views 613 140075126566912 Login attempt failed for user '.
INFO 2026-01-05 04:54:45,945 views 611 140075126566912 User 'admin@gmail.com' logged in.
INFO 2026-01-05 04:56:31,451 views 612 140075126566912 User 'ananthisubash@gmail.com' logged in.
INFO 2026-01-06 06:40:21,039 views 613 140075126566912 User 'admin@gmail.com' logged in.
INFO 2026-01-06 08:37:28,594 views 612 140075126566912 User 'admin@gmail.com' logged in.
INFO 2026-01-06 15:53:28,887 views 613 140075126566912 User 'subash@gmail.com' logged in.
INFO 2026-01-06 15:53:40,551 views 612 140075126566912 User 'subash@gmail.com' logged in.
INFO 2026-01-07 06:31:08,246 views 612 140075126566912 User 'senthil@gmail.com' logged in.
INFO 2026-01-07 07:25:46,465 views 613 140075126566912 User 'ramu@gmail.com' logged in.
INFO 2026-04-29 13:17:18,791 views 22620 16352 User 'admin@gmail.com' logged in.
INFO 2026-04-29 15:22:58,586 views 23844 5116 User 'master@gmail.com' logged in.
WARNING 2026-04-29 15:35:50,095 views 23844 43096 Login attempt failed for user '.
INFO 2026-04-29 15:36:08,288 views 23844 30380 User 'aasundar@gmail.com' logged in.
WARNING 2026-04-29 15:41:11,253 views 23844 44380 Login attempt failed for user 'ananthisubash@gmail.com'.
INFO 2026-04-29 15:41:39,913 views 23844 11444 User 'ananthisubash@gmail.com' logged in.
INFO 2026-08-05 04:12:58,166 views 6247 140017538406080 User 'admin@gmail.com' logged in.
INFO 2026-08-05 05:14:25,782 views 6247 140017503790784 User 'admin@gmail.com' logged in.
INFO 2026-08-05 07:03:07,547 views 6247 140017538406080 User 'admin@gmail.com' logged in.
INFO 2026-08-05 10:04:03,969 views 6247 140017503790784 User 'admin@gmail.com' logged in.
INFO 2026-08-05 11:04:12,702 views 6247 140017520572096 User 'admin@gmail.com' logged in.
INFO 2026-08-05 14:17:46,543 views 3620 130792148469440 User 'admin@gmail.com' logged in.
INFO 2026-08-05 16:18:44,059 views 3620 130792148469440 User 'admin@gmail.com' logged in.
INFO 2026-08-05 18:44:46,845 views 3620 130792130635456 User 'admin@gmail.com' logged in.
INFO 2026-08-06 03:59:21,501 views 4823 124763941283520 User 'admin@gmail.com' logged in.
INFO 2026-08-06 05:28:33,726 views 4823 124763923449536 User 'admin@gmail.com' logged in.
INFO 2026-08-06 06:41:38,340 views 4823 124763931842240 User 'admin@gmail.com' logged in.
INFO 2026-08-06 07:49:28,131 views 12934 136894863337152 User 'admin@gmail.com' logged in.
INFO 2026-08-06 08:56:04,562 views 14349 124084198160064 User 'admin@gmail.com' logged in.
INFO 2026-08-06 11:35:00,040 views 15078 134809703913152 User 'admin@gmail.com' logged in.
INFO 2026-08-06 16:06:18,596 views 4407 134018713368256 User 'admin@gmail.com' logged in.
INFO 2026-08-07 04:00:11,790 views 4189 125680301672128 User 'admin@gmail.com' logged in.
INFO 2026-08-08 04:26:20,514 views 5399 133560356603584 User 'admin@gmail.com' logged in.
INFO 2026-08-07 06:16:46,356 views 9376 125957224298176 User 'admin@gmail.com' logged in.
INFO 2026-08-08 06:35:54,681 views 11885 126395900266176 User 'admin@gmail.com' logged in.
INFO 2026-08-09 06:37:25,245 views 11885 126395882432192 User 'admin@gmail.com' logged in.
INFO 2026-08-16 06:37:19,669 views 11885 126395890824896 User 'admin@gmail.com' logged in.
INFO 2026-08-07 08:15:56,349 views 24110 129656539027136 User 'admin@gmail.com' logged in.
INFO 2026-08-07 08:20:51,400 views 24359 135428405417664 User 'admin@gmail.com' logged in.
INFO 2026-08-07 08:26:00,145 views 24496 136573920212672 User 'admin@gmail.com' logged in.
INFO 2026-08-08 08:49:57,178 views 24496 136573920212672 User 'admin@gmail.com' logged in.
INFO 2026-08-09 08:55:14,367 views 24496 136573911819968 User 'admin@gmail.com' logged in.
INFO 2026-08-10 09:09:57,300 views 24496 136573920212672 User 'admin@gmail.com' logged in.
INFO 2026-08-10 09:12:17,913 views 24496 136573920212672 User 'admin@gmail.com' logged in.
INFO 2026-08-11 09:15:33,800 views 24496 136573920212672 User 'admin@gmail.com' logged in.
INFO 2026-08-12 09:17:48,825 views 24496 136573920212672 User 'admin@gmail.com' logged in.
INFO 2026-08-15 09:21:13,460 views 24496 136573920212672 User 'admin@gmail.com' logged in.
INFO 2026-08-16 09:22:11,777 views 24496 136573920212672 User 'admin@gmail.com' logged in.
INFO 2026-08-17 09:27:11,086 views 24496 136573998626496 User 'admin@gmail.com' logged in.
INFO 2026-08-25 09:29:13,981 views 24496 136573998626496 User 'admin@gmail.com' logged in.
INFO 2026-08-25 09:52:06,682 views 24496 136573911819968 User 'admin@gmail.com' logged in.
INFO 2026-08-10 07:43:41,326 views 7641 135976909502144 User 'admin@gmail.com' logged in.
INFO 2026-08-10 09:18:51,024 views 10613 125614928000704 User 'admin@gmail.com' logged in.
INFO 2026-08-10 11:04:02,733 views 10850 138413969761984 User 'admin@gmail.com' logged in.
INFO 2026-08-11 18:30:57,076 views 8183 126238234744512 User 'admin@gmail.com' logged in.
INFO 2026-08-25 19:13:46,559 views 4696 126343670773440 User 'admin@gmail.com' logged in.
INFO 2026-08-26 03:58:18,575 views 4063 128442062776000 User 'admin@gmail.com' logged in.
INFO 2026-08-26 08:00:55,843 views 57821 135997564946112 User 'admin@gmail.com' logged in.
INFO 2026-08-27 04:05:00,249 views 4136 133052917970624 User 'admin@gmail.com' logged in.
INFO 2026-08-27 05:05:44,870 views 5986 140638457259712 User 'admin@gmail.com' logged in.
INFO 2026-08-13 07:20:59,897 views 3671 135835027453632 User 'admin@gmail.com' logged in.
INFO 2026-08-13 08:28:36,780 views 8868 134424733910720 User 'admin@gmail.com' logged in.
INFO 2026-08-17 05:13:56,080 views 4620 123661874276032 User 'admin@gmail.com' logged in.
INFO 2026-08-17 07:34:40,411 views 3604 133803595826880 User 'admin@gmail.com' logged in.
INFO 2026-08-17 09:15:28,825 views 3604 133803595826880 User 'admin@gmail.com' logged in.
INFO 2026-08-17 10:26:06,574 views 3604 133803550717632 User 'admin@gmail.com' logged in.
INFO 2026-08-17 14:45:34,104 views 4434 126793384818368 User 'admin@gmail.com' logged in.
INFO 2026-08-18 14:46:24,220 views 4434 126793384818368 User 'admin@gmail.com' logged in.
INFO 2026-08-20 05:09:44,154 views 4794 138899094939328 User 'admin@gmail.com' logged in.
INFO 2026-08-20 06:15:12,018 views 4794 138899068712640 User 'admin@gmail.com' logged in.
INFO 2026-08-20 07:28:30,088 views 4794 138899068712640 User 'admin@gmail.com' logged in.
INFO 2026-08-20 08:52:15,464 views 12426 139893294732992 User 'admin@gmail.com' logged in.
INFO 2026-08-24 16:49:00,958 views 3988 131616793138880 User 'admin@gmail.com' logged in.
INFO 2026-08-25 15:10:38,151 views 3546 123828910905024 User 'admin@gmail.com' logged in.
INFO 2026-08-26 04:46:18,764 views 6102 135789104891584 User 'admin@gmail.com' logged in.
INFO 2026-08-27 04:57:57,607 views 6102 135789095450304 User 'admin@gmail.com' logged in.
INFO 2026-08-27 07:01:17,574 views 19157 139282820277952 User 'admin@gmail.com' logged in.
INFO 2026-08-27 09:14:27,260 views 30213 124945769125568 User 'admin@gmail.com' logged in.
INFO 2026-08-28 09:15:17,172 views 31629 140468248028864 User 'admin@gmail.com' logged in.
INFO 2026-08-29 09:16:13,012 views 31629 140468248028864 User 'admin@gmail.com' logged in.
INFO 2026-08-30 09:20:12,920 views 31629 140468239636160 User 'admin@gmail.com' logged in.
INFO 2026-08-30 18:46:00,593 views 8010 139536331921088 User 'admin@gmail.com' logged in.
INFO 2026-09-01 04:08:18,423 views 3606 132981867894464 User 'admin@gmail.com' logged in.
INFO 2026-09-02 04:14:14,035 views 3606 132981867894464 User 'admin@gmail.com' logged in.
INFO 2026-09-04 05:00:16,685 views 3606 132981758871232 User 'admin@gmail.com' logged in.
INFO 2026-09-05 06:02:08,783 views 4773 129468908934848 User 'admin@gmail.com' logged in.
INFO 2026-09-05 08:53:58,353 views 6743 135797891565248 User 'admin@gmail.com' logged in.
INFO 2026-09-06 08:54:11,516 views 6743 135797899957952 User 'admin@gmail.com' logged in.
INFO 2026-09-07 08:58:15,090 views 6743 135797909399232 User 'admin@gmail.com' logged in.
INFO 2026-09-09 09:04:14,645 views 6743 135797909399232 User 'admin@gmail.com' logged in.
INFO 2026-09-13 09:10:14,769 views 6743 135797899957952 User 'admin@gmail.com' logged in.
INFO 2026-09-13 10:59:12,853 views 16491 127009044776640 User 'admin@gmail.com' logged in.
INFO 2026-09-13 12:14:22,085 views 17420 127184767907520 User 'admin@gmail.com' logged in.
INFO 2026-08-27 11:23:01,165 views 22409 139794868856512 User 'admin@gmail.com' logged in.
INFO 2026-08-28 11:30:19,537 views 22409 139795093481152 User 'admin@gmail.com' logged in.
INFO 2026-08-30 11:33:12,069 views 22409 139795093481152 User 'admin@gmail.com' logged in.
INFO 2026-08-31 10:36:16,355 views 22409 139795101873856 User 'admin@gmail.com' logged in.
INFO 2026-09-03 10:37:11,443 views 22409 139795101873856 User 'admin@gmail.com' logged in.
INFO 2026-09-04 11:06:11,123 views 22409 139795110266560 User 'admin@gmail.com' logged in.
INFO 2026-08-28 04:46:58,960 views 4756 130721368704704 User 'admin@gmail.com' logged in.
INFO 2026-08-28 17:17:56,569 views 4362 127837914363584 User 'admin@gmail.com' logged in.
INFO 2026-08-29 07:21:21,119 views 4362 127837914363584 User 'admin@gmail.com' logged in.
INFO 2026-08-29 17:42:14,323 views 4362 127837914363584 User 'admin@gmail.com' logged in.
INFO 2026-08-29 18:42:27,528 views 4362 127837914363584 User 'admin@gmail.com' logged in.
INFO 2026-08-30 04:42:12,835 views 4362 127837914363584 User 'admin@gmail.com' logged in.
INFO 2026-08-30 16:51:13,499 views 4362 127837814122176 User 'admin@gmail.com' logged in.
INFO 2026-08-30 18:56:14,659 views 4362 127837822514880 User 'admin@gmail.com' logged in.
INFO 2026-08-30 21:56:14,640 views 4362 127837904922304 User 'admin@gmail.com' logged in.
INFO 2026-08-31 01:58:12,628 views 4362 127837904922304 User 'admin@gmail.com' logged in.
INFO 2026-08-30 11:20:16,778 views 4046 126578236282560 User 'admin@gmail.com' logged in.
INFO 2026-08-31 10:06:20,141 views 18733 127291558418112 User 'admin@gmail.com' logged in.
INFO 2026-08-31 10:11:23,600 views 18733 127291558418112 User 'admin@gmail.com' logged in.
INFO 2026-09-02 10:13:34,466 views 18733 127291530094272 User 'admin@gmail.com' logged in.
INFO 2026-09-02 11:26:47,790 views 21392 123914016294592 User 'admin@gmail.com' logged in.
INFO 2026-09-02 12:24:44,205 views 23847 131426139539136 User 'admin@gmail.com' logged in.
INFO 2026-09-02 13:21:22,259 views 25448 134897516246720 User 'admin@gmail.com' logged in.
INFO 2026-09-02 15:12:29,882 views 3761 126389307668160 User 'admin@gmail.com' logged in.
INFO 2026-09-03 11:49:20,121 views 3761 126389307668160 User 'admin@gmail.com' logged in.
INFO 2026-09-03 16:49:19,113 views 3761 126389307668160 User 'admin@gmail.com' logged in.
INFO 2026-09-03 19:49:18,380 views 3761 126389307668160 User 'admin@gmail.com' logged in.
INFO 2026-09-09 19:51:13,391 views 3761 126389307668160 User 'admin@gmail.com' logged in.
INFO 2026-09-10 20:26:15,442 views 3761 126389307668160 User 'admin@gmail.com' logged in.
INFO 2026-08-31 17:58:37,820 views 3761 126389299275456 User 'admin@gmail.com' logged in.
INFO 2026-09-01 17:03:14,211 views 3761 126389307668160 User 'admin@gmail.com' logged in.
INFO 2026-09-02 17:10:13,866 views 3761 126389076358848 User 'admin@gmail.com' logged in.
INFO 2026-09-02 18:10:28,097 views 3761 126389307668160 User 'admin@gmail.com' logged in.
INFO 2026-09-02 20:10:11,497 views 3761 126389307668160 User 'admin@gmail.com' logged in.
INFO 2026-09-03 20:10:16,089 views 3761 126389290882752 User 'admin@gmail.com' logged in.
INFO 2026-09-04 20:12:12,985 views 3761 126389076358848 User 'admin@gmail.com' logged in.
INFO 2026-09-05 20:13:13,909 views 3761 126389307668160 User 'admin@gmail.com' logged in.
INFO 2026-09-06 20:22:12,396 views 3761 126389307668160 User 'admin@gmail.com' logged in.
INFO 2026-09-07 20:25:13,804 views 3761 126389307668160 User 'admin@gmail.com' logged in.
INFO 2026-09-08 20:25:14,349 views 3761 126389076358848 User 'admin@gmail.com' logged in.
INFO 2026-09-08 20:47:58,540 views 15770 130642972804800 User 'admin@gmail.com' logged in.
INFO 2026-09-08 20:49:24,282 views 15770 130642946578112 User 'admin@gmail.com' logged in.
INFO 2026-09-08 20:52:21,584 views 15992 126126836127424 User 'admin@gmail.com' logged in.
INFO 2026-09-08 21:17:41,985 views 19285 137222969456320 User 'admin@gmail.com' logged in.
INFO 2026-09-08 22:04:13,236 views 19285 137222720317120 User 'admin@gmail.com' logged in.
INFO 2026-09-08 22:20:17,095 views 22270 123215809566400 User 'admin@gmail.com' logged in.
INFO 2026-09-09 22:23:13,049 views 22270 123215514932928 User 'admin@gmail.com' logged in.
INFO 2026-09-10 22:30:12,173 views 22270 123215565289152 User 'admin@gmail.com' logged in.
INFO 2026-09-11 22:31:12,706 views 22270 123215531718336 User 'admin@gmail.com' logged in.
INFO 2026-09-01 04:18:05,851 views 4611 131595265410752 User 'admin@gmail.com' logged in.
INFO 2026-09-02 04:32:45,797 views 4611 131595172308672 User 'admin@gmail.com' logged in.
INFO 2026-09-03 04:35:48,864 views 4611 131595265410752 User 'admin@gmail.com' logged in.
INFO 2026-09-04 04:39:09,468 views 4611 131595265410752 User 'admin@gmail.com' logged in.
INFO 2026-09-04 04:39:34,908 views 4611 131595265410752 User 'admin@gmail.com' logged in.
INFO 2026-09-05 04:40:09,508 views 4611 131595172308672 User 'admin@gmail.com' logged in.
INFO 2026-09-06 04:41:09,917 views 4611 131595180701376 User 'admin@gmail.com' logged in.
INFO 2026-09-07 04:43:12,050 views 4611 131595172308672 User 'admin@gmail.com' logged in.
INFO 2026-09-07 13:43:08,831 views 4611 131595163915968 User 'admin@gmail.com' logged in.
INFO 2026-09-08 04:43:11,723 views 4611 131595172308672 User 'admin@gmail.com' logged in.
INFO 2026-09-09 04:44:10,558 views 4611 131595172308672 User 'admin@gmail.com' logged in.
INFO 2026-09-10 04:45:07,563 views 4611 131595163915968 User 'admin@gmail.com' logged in.
INFO 2026-09-11 04:49:09,502 views 4611 131595163915968 User 'admin@gmail.com' logged in.
INFO 2026-09-12 04:50:07,907 views 4611 131595180701376 User 'admin@gmail.com' logged in.
INFO 2026-09-13 04:51:10,561 views 4611 131595180701376 User 'admin@gmail.com' logged in.
INFO 2026-09-14 04:52:07,977 views 4611 131595265410752 User 'admin@gmail.com' logged in.
INFO 2026-09-15 04:52:07,994 views 4611 131595180701376 User 'admin@gmail.com' logged in.
INFO 2026-09-16 04:52:08,492 views 4611 131595172308672 User 'admin@gmail.com' logged in.
INFO 2026-09-17 04:53:07,860 views 4611 131595265410752 User 'admin@gmail.com' logged in.
INFO 2026-09-17 04:53:57,553 views 4611 131595172308672 User 'admin@gmail.com' logged in.
INFO 2026-09-18 04:54:08,254 views 4611 131595265410752 User 'admin@gmail.com' logged in.
INFO 2026-09-19 05:04:09,955 views 4611 131595172308672 User 'admin@gmail.com' logged in.
INFO 2026-09-20 05:04:09,793 views 4611 131595172308672 User 'admin@gmail.com' logged in.
INFO 2026-09-21 05:05:10,217 views 4611 131595152377536 User 'admin@gmail.com' logged in.
INFO 2026-09-21 05:38:31,593 views 4611 131595163915968 User 'admin@gmail.com' logged in.
INFO 2026-09-22 06:26:09,487 views 19017 133596794611392 User 'admin@gmail.com' logged in.
INFO 2026-09-23 06:26:09,001 views 19017 133596794611392 User 'admin@gmail.com' logged in.
INFO 2026-09-24 06:27:10,277 views 19017 133596559959744 User 'admin@gmail.com' logged in.
INFO 2026-09-22 07:06:37,023 views 21458 133532896675520 User 'admin@gmail.com' logged in.
INFO 2026-09-24 07:07:11,397 views 21458 133532789753536 User 'admin@gmail.com' logged in.
INFO 2026-09-01 07:25:14,570 views 21458 133532814931648 User 'admin@gmail.com' logged in.
INFO 2026-09-25 07:25:09,338 views 21458 133532798146240 User 'admin@gmail.com' logged in.
INFO 2026-09-27 07:35:07,171 views 24322 127415565149888 User 'admin@gmail.com' logged in.
INFO 2026-09-28 07:37:06,877 views 24322 127415813240512 User 'admin@gmail.com' logged in.
INFO 2026-09-29 07:37:07,010 views 24322 127415813240512 User 'admin@gmail.com' logged in.
INFO 2026-09-30 08:02:06,253 views 27996 131822235383488 User 'admin@gmail.com' logged in.
INFO 2026-10-01 08:04:08,068 views 27996 131822243776192 User 'admin@gmail.com' logged in.
INFO 2026-10-02 08:04:06,373 views 27996 131822226990784 User 'admin@gmail.com' logged in.
INFO 2026-10-03 08:32:07,436 views 27996 131822243776192 User 'admin@gmail.com' logged in.
INFO 2026-10-04 08:32:09,114 views 27996 131822226990784 User 'admin@gmail.com' logged in.
INFO 2026-10-05 08:37:07,004 views 27996 131822253217472 User 'admin@gmail.com' logged in.
INFO 2026-10-06 08:37:08,425 views 27996 131822226990784 User 'admin@gmail.com' logged in.
INFO 2026-10-07 08:38:06,241 views 27996 131822243776192 User 'admin@gmail.com' logged in.
INFO 2026-10-07 08:38:44,565 views 27996 131822243776192 User 'admin@gmail.com' logged in.
INFO 2026-10-08 08:39:06,456 views 27996 131822253217472 User 'admin@gmail.com' logged in.
INFO 2026-10-09 08:46:06,234 views 27996 131822235383488 User 'admin@gmail.com' logged in.
INFO 2026-10-10 08:46:06,606 views 27996 131822235383488 User 'admin@gmail.com' logged in.
INFO 2026-10-10 17:46:08,736 views 27996 131822243776192 User 'admin@gmail.com' logged in.
INFO 2026-10-11 17:46:07,041 views 27996 131822226990784 User 'admin@gmail.com' logged in.
INFO 2026-10-12 17:46:06,761 views 27996 131822243776192 User 'admin@gmail.com' logged in.
INFO 2026-10-13 18:50:09,441 views 41218 131447120287424 User 'admin@gmail.com' logged in.
INFO 2026-10-20 18:54:11,273 views 41218 131447101404864 User 'admin@gmail.com' logged in.
INFO 2026-10-21 18:55:09,191 views 41218 131447128680128 User 'admin@gmail.com' logged in.
INFO 2026-09-01 17:06:20,673 views 4110 125041664587456 User 'admin@gmail.com' logged in.
INFO 2026-09-01 19:15:25,446 views 3588 140594124515008 User 'admin@gmail.com' logged in.
INFO 2026-09-02 04:00:27,669 views 3676 140477940401856 User 'admin@gmail.com' logged in.
INFO 2026-09-03 04:03:41,451 views 3676 140477930960576 User 'admin@gmail.com' logged in.
INFO 2026-09-04 04:04:07,115 views 3676 140477930960576 User 'admin@gmail.com' logged in.
INFO 2026-09-02 04:19:32,868 views 3676 140477922567872 User 'admin@gmail.com' logged in.
INFO 2026-09-03 04:34:02,668 views 3676 140477922567872 User 'admin@gmail.com' logged in.
INFO 2026-09-04 04:39:06,815 views 3676 140477940401856 User 'admin@gmail.com' logged in.
INFO 2026-09-05 04:41:12,280 views 3676 140477709940416 User 'admin@gmail.com' logged in.
INFO 2026-09-06 04:44:08,095 views 3676 140477940401856 User 'admin@gmail.com' logged in.
INFO 2026-09-08 04:44:11,398 views 3676 140477940401856 User 'admin@gmail.com' logged in.
INFO 2026-09-09 04:44:06,743 views 3676 140477930960576 User 'admin@gmail.com' logged in.
INFO 2026-09-09 05:23:35,487 views 11892 129813456914112 User 'admin@gmail.com' logged in.
INFO 2026-09-11 05:24:06,679 views 11892 129813356467904 User 'admin@gmail.com' logged in.
INFO 2026-09-12 06:10:31,134 views 14875 139630280390336 User 'admin@gmail.com' logged in.
INFO 2026-09-13 06:32:08,817 views 15389 132470817158848 User 'admin@gmail.com' logged in.
INFO 2026-09-14 06:32:08,760 views 15389 132470903101120 User 'admin@gmail.com' logged in.
INFO 2026-09-15 08:04:10,189 views 17997 138773851309760 User 'admin@gmail.com' logged in.
INFO 2026-09-16 08:04:08,533 views 17997 138773834524352 User 'admin@gmail.com' logged in.
INFO 2026-09-16 08:27:03,872 views 18487 134696966928064 User 'admin@gmail.com' logged in.
INFO 2026-09-02 08:32:45,722 views 18487 134696966928064 User 'admin@gmail.com' logged in.
INFO 2026-09-03 08:39:12,423 views 18487 134696876893888 User 'admin@gmail.com' logged in.
INFO 2026-09-04 08:40:19,095 views 18487 134696868501184 User 'admin@gmail.com' logged in.
INFO 2026-09-07 08:44:08,903 views 18487 134696868501184 User 'admin@gmail.com' logged in.
INFO 2026-09-10 08:52:08,462 views 18487 134696885286592 User 'admin@gmail.com' logged in.
INFO 2026-09-13 08:59:09,002 views 18487 134696966928064 User 'admin@gmail.com' logged in.
INFO 2026-09-16 09:07:08,798 views 18487 134696885286592 User 'admin@gmail.com' logged in.
INFO 2026-09-22 09:10:08,459 views 18487 134696876893888 User 'admin@gmail.com' logged in.
INFO 2026-09-22 09:16:52,018 views 22963 139187743356608 User 'admin@gmail.com' logged in.
INFO 2026-09-25 09:20:00,544 views 22963 139187820136128 User 'admin@gmail.com' logged in.
INFO 2026-09-26 09:35:08,741 views 24010 139978755536576 User 'admin@gmail.com' logged in.
INFO 2026-09-30 09:38:10,317 views 24010 139978738751168 User 'admin@gmail.com' logged in.
INFO 2026-09-02 12:15:16,704 views 6370 136883493177024 User 'admin@gmail.com' logged in.
INFO 2026-09-02 13:51:38,319 views 3563 136201013655232 User 'admin@gmail.com' logged in.
INFO 2026-09-08 13:57:14,972 views 3563 136200920753856 User 'admin@gmail.com' logged in.
INFO 2026-09-09 13:57:10,582 views 3563 136200920753856 User 'admin@gmail.com' logged in.
INFO 2026-09-09 21:00:17,371 views 3563 136200912361152 User 'admin@gmail.com' logged in.
INFO 2026-09-10 21:01:10,639 views 3563 136201013655232 User 'admin@gmail.com' logged in.
INFO 2026-09-11 21:01:09,575 views 3563 136200920753856 User 'admin@gmail.com' logged in.
INFO 2026-09-02 17:05:04,106 views 3588 126515864696512 User 'admin@gmail.com' logged in.
INFO 2026-09-02 17:47:51,063 views 3588 126515874137792 User 'admin@gmail.com' logged in.
INFO 2026-09-03 08:57:19,164 views 3588 126515874137792 User 'admin@gmail.com' logged in.
INFO 2026-09-10 09:02:14,870 views 3588 126515864696512 User 'admin@gmail.com' logged in.
INFO 2026-09-11 09:02:11,383 views 3588 126515874137792 User 'admin@gmail.com' logged in.
INFO 2026-09-12 09:04:19,521 views 3588 126515864696512 User 'admin@gmail.com' logged in.
INFO 2026-09-03 03:58:32,339 views 4678 125712137672384 User 'admin@gmail.com' logged in.
INFO 2026-09-11 03:59:12,022 views 4678 125712137672384 User 'admin@gmail.com' logged in.
INFO 2026-09-12 03:59:06,897 views 4678 125712137672384 User 'admin@gmail.com' logged in.
INFO 2026-09-12 03:59:31,060 views 4678 125712137672384 User 'admin@gmail.com' logged in.
INFO 2026-09-12 04:15:44,018 views 4678 125712108299968 User 'admin@gmail.com' logged in.
INFO 2026-09-12 04:17:31,829 views 8704 128228424373952 User 'admin@gmail.com' logged in.
INFO 2026-09-16 04:32:07,835 views 8704 128228186384064 User 'admin@gmail.com' logged in.
INFO 2026-09-17 04:32:08,629 views 8704 128228405491392 User 'admin@gmail.com' logged in.
INFO 2026-09-18 04:33:07,036 views 8704 128228186384064 User 'admin@gmail.com' logged in.
INFO 2026-09-18 04:35:45,277 views 8704 128228186384064 User 'admin@gmail.com' logged in.
INFO 2026-09-18 05:25:36,030 views 13863 124783587182272 User 'admin@gmail.com' logged in.
INFO 2026-09-22 05:28:06,947 views 13863 124783620753088 User 'admin@gmail.com' logged in.
INFO 2026-09-23 05:30:07,229 views 13863 124783620753088 User 'admin@gmail.com' logged in.
INFO 2026-09-23 08:02:31,548 views 20807 134974529959616 User 'admin@gmail.com' logged in.
INFO 2026-10-01 11:52:10,542 views 20807 134974447548096 User 'admin@gmail.com' logged in.
INFO 2026-10-02 11:52:15,772 views 20807 134974439155392 User 'admin@gmail.com' logged in.
INFO 2026-10-03 11:52:12,007 views 20807 134974413977280 User 'admin@gmail.com' logged in.
INFO 2026-09-03 13:32:33,908 views 3661 136988598671040 User 'admin@gmail.com' logged in.
INFO 2026-09-05 13:36:48,298 views 3661 136988376164032 User 'admin@gmail.com' logged in.
INFO 2026-09-06 13:38:12,537 views 3661 136988384556736 User 'admin@gmail.com' logged in.
INFO 2026-09-09 14:42:15,197 views 8676 126569188157120 User 'admin@gmail.com' logged in.
INFO 2026-09-09 15:02:37,604 views 9476 127786178008768 User 'admin@gmail.com' logged in.
INFO 2026-09-16 05:18:14,534 views 10113 130787517130432 User 'admin@gmail.com' logged in.
INFO 2026-09-16 18:18:15,605 views 10113 130787517130432 User 'admin@gmail.com' logged in.
INFO 2026-09-16 20:18:25,471 views 10113 130787517130432 User 'admin@gmail.com' logged in.
INFO 2026-09-03 17:01:56,560 views 6558 133787675735744 User 'admin@gmail.com' logged in.
INFO 2026-09-20 17:03:16,765 views 6558 133787648460480 User 'admin@gmail.com' logged in.
INFO 2026-09-03 17:29:55,709 views 6558 133787648460480 User 'admin@gmail.com' logged in.
INFO 2026-09-22 17:34:18,395 views 6558 133787648460480 User 'admin@gmail.com' logged in.
INFO 2026-09-04 05:42:28,188 views 11021 134145021605568 User 'admin@gmail.com' logged in.
INFO 2026-09-10 05:45:11,092 views 11021 134145021605568 User 'admin@gmail.com' logged in.
INFO 2026-09-11 05:45:12,950 views 11021 134144646444736 User 'admin@gmail.com' logged in.
INFO 2026-09-11 05:47:56,726 views 11021 134144646444736 User 'admin@gmail.com' logged in.
INFO 2026-09-11 06:10:27,949 views 15427 126730840405696 User 'admin@gmail.com' logged in.
INFO 2026-09-11 06:12:50,451 views 15533 132580626757312 User 'admin@gmail.com' logged in.
INFO 2026-09-18 06:19:20,965 views 15533 132580523366080 User 'admin@gmail.com' logged in.
INFO 2026-09-19 06:20:12,366 views 15533 132580506580672 User 'admin@gmail.com' logged in.
INFO 2026-09-19 06:20:38,835 views 15533 132580626757312 User 'admin@gmail.com' logged in.
INFO 2026-09-19 06:42:09,675 views 16597 133490550982336 User 'admin@gmail.com' logged in.
WARNING 2026-09-19 06:43:38,948 views 17709 137958360970944 Login attempt failed for user 'admin@gmail.com'.
WARNING 2026-09-19 06:43:59,282 views 17709 137958360970944 Login attempt failed for user 'admin@gmail.com'.
WARNING 2026-09-19 06:44:21,387 views 17709 137958360970944 Login attempt failed for user 'admin@gmail.com'.
INFO 2026-09-19 06:45:14,779 views 17709 137958360970944 User 'admin@gmail.com' logged in.
INFO 2026-09-04 05:32:19,626 views 3574 137064165349056 User 'admin@gmail.com' logged in.
INFO 2026-09-04 11:48:07,385 views 3574 137064173741760 User 'admin@gmail.com' logged in.
INFO 2026-09-05 11:57:16,450 views 3574 137064173741760 User 'admin@gmail.com' logged in.
INFO 2026-09-06 12:17:11,965 views 3574 137064183183040 User 'admin@gmail.com' logged in.
INFO 2026-09-07 12:55:13,628 views 3574 137064183183040 User 'admin@gmail.com' logged in.
INFO 2026-09-08 12:57:10,699 views 3574 137064183183040 User 'admin@gmail.com' logged in.
INFO 2026-09-11 13:25:11,975 views 3574 137064173741760 User 'admin@gmail.com' logged in.
INFO 2026-09-12 13:27:12,328 views 3574 137063893546688 User 'admin@gmail.com' logged in.
INFO 2026-09-12 13:59:34,758 views 10758 130914099955392 User 'admin@gmail.com' logged in.
INFO 2026-09-04 16:52:17,954 views 5761 137075609294528 User 'admin@gmail.com' logged in.
INFO 2026-09-12 16:54:34,665 views 6208 128086162245312 User 'admin@gmail.com' logged in.
INFO 2026-09-04 17:46:49,618 views 13554 138549571188416 User 'admin@gmail.com' logged in.
INFO 2026-09-05 07:12:29,663 views 6068 137144168306368 User 'admin@gmail.com' logged in.
INFO 2026-09-15 07:14:50,795 views 6068 137144077121216 User 'admin@gmail.com' logged in.
INFO 2026-09-19 19:30:11,939 views 7761 139498306393792 User 'admin@gmail.com' logged in.
INFO 2026-09-19 19:31:10,686 views 8418 125925375477440 User 'admin@gmail.com' logged in.
INFO 2026-09-19 20:32:12,782 views 8418 125925261821632 User 'admin@gmail.com' logged in.
INFO 2026-09-20 02:32:11,101 views 8418 125925366036160 User 'admin@gmail.com' logged in.
INFO 2026-09-20 12:44:02,746 views 10253 129662083049152 User 'admin@gmail.com' logged in.
INFO 2026-09-23 19:30:11,500 views 10253 129661841438400 User 'admin@gmail.com' logged in.
INFO 2026-09-23 23:31:16,727 views 10253 129661833045696 User 'admin@gmail.com' logged in.
INFO 2026-09-24 01:31:05,987 views 10253 129662056822464 User 'admin@gmail.com' logged in.
INFO 2026-09-05 13:52:36,893 views 10253 129662083049152 User 'admin@gmail.com' logged in.
INFO 2026-09-07 09:19:11,184 views 10253 129662056822464 User 'admin@gmail.com' logged in.
INFO 2026-09-07 20:28:18,251 views 10253 129662073607872 User 'admin@gmail.com' logged in.
INFO 2026-09-08 20:29:12,885 views 10253 129662073607872 User 'admin@gmail.com' logged in.
INFO 2026-09-09 00:33:16,119 views 23544 140639803635392 User 'admin@gmail.com' logged in.
INFO 2026-09-09 23:35:11,438 views 23544 140639702345408 User 'admin@gmail.com' logged in.
INFO 2026-09-11 00:00:10,390 views 23544 140639693952704 User 'admin@gmail.com' logged in.
INFO 2026-09-11 00:02:34,316 views 24067 130063155365568 User 'admin@gmail.com' logged in.
INFO 2026-09-14 23:30:10,323 views 24067 130063140681408 User 'admin@gmail.com' logged in.
INFO 2026-09-16 00:33:12,372 views 25169 137043166598848 User 'admin@gmail.com' logged in.
INFO 2026-09-16 00:45:24,602 views 25951 124371264636608 User 'admin@gmail.com' logged in.
INFO 2026-09-07 05:45:23,684 views 3757 139391234832064 User 'admin@gmail.com' logged in.
WARNING 2026-09-07 18:01:36,422 views 7163 125211672524480 Login attempt failed for user 'admin@gmail.com'.
INFO 2026-09-07 18:01:47,857 views 7163 125211672524480 User 'admin@gmail.com' logged in.
INFO 2026-09-09 18:03:42,238 views 7163 125211672524480 User 'admin@gmail.com' logged in.
INFO 2026-09-11 18:10:10,748 views 7163 125211662034624 User 'admin@gmail.com' logged in.
INFO 2026-09-12 18:10:40,921 views 8473 139767977703104 User 'admin@gmail.com' logged in.
INFO 2026-09-13 18:13:10,306 views 8473 139767875360448 User 'admin@gmail.com' logged in.
INFO 2026-09-14 18:14:14,022 views 8473 139767858575040 User 'admin@gmail.com' logged in.
INFO 2026-09-15 18:15:10,788 views 8806 126328141510336 User 'admin@gmail.com' logged in.
INFO 2026-09-15 18:15:54,686 views 8991 133209979311808 User 'admin@gmail.com' logged in.
INFO 2026-09-15 18:19:42,429 views 9051 123698092476096 User 'admin@gmail.com' logged in.
INFO 2026-09-20 18:27:45,727 views 10787 137552767194816 User 'admin@gmail.com' logged in.
INFO 2026-09-08 04:52:28,298 views 7559 124906167170752 User 'admin@gmail.com' logged in.
INFO 2026-09-11 04:55:39,549 views 7559 124906157729472 User 'admin@gmail.com' logged in.
INFO 2026-09-11 04:56:14,871 views 7559 124906140944064 User 'admin@gmail.com' logged in.
INFO 2026-09-12 04:56:09,479 views 7559 124906149336768 User 'admin@gmail.com' logged in.
INFO 2026-09-13 04:57:09,046 views 7559 124906167170752 User 'admin@gmail.com' logged in.
INFO 2026-09-19 05:18:23,652 views 11789 138123611305664 User 'admin@gmail.com' logged in.
INFO 2026-09-22 05:28:08,030 views 11789 138123522598592 User 'admin@gmail.com' logged in.
INFO 2026-09-08 06:06:36,362 views 15226 135651779184320 User 'admin@gmail.com' logged in.
INFO 2026-09-12 06:20:17,818 views 15226 135651751909056 User 'admin@gmail.com' logged in.
INFO 2026-09-15 06:26:09,804 views 16047 123488943933120 User 'admin@gmail.com' logged in.
INFO 2026-09-16 06:29:10,754 views 16047 123488943933120 User 'admin@gmail.com' logged in.
INFO 2026-09-21 06:34:09,412 views 16652 128229791987392 User 'admin@gmail.com' logged in.
INFO 2026-09-24 06:39:09,402 views 17205 136230043096768 User 'admin@gmail.com' logged in.
INFO 2026-09-24 07:04:48,578 views 17205 136230034704064 User 'admin@gmail.com' logged in.
INFO 2026-09-26 07:11:35,752 views 17205 136229995890368 User 'admin@gmail.com' logged in.
INFO 2026-09-26 07:12:21,719 views 17205 136229995890368 User 'admin@gmail.com' logged in.
INFO 2026-09-27 07:13:10,080 views 17205 136229995890368 User 'admin@gmail.com' logged in.
INFO 2026-09-27 07:16:43,053 views 18552 137509216450240 User 'admin@gmail.com' logged in.
INFO 2026-09-27 08:15:10,147 views 19970 126346356283072 User 'admin@gmail.com' logged in.
INFO 2026-09-08 09:17:28,077 views 19970 126346126685888 User 'admin@gmail.com' logged in.
INFO 2026-09-10 09:40:10,459 views 19970 126346346841792 User 'admin@gmail.com' logged in.
INFO 2026-09-13 09:46:33,788 views 19970 126346126685888 User 'admin@gmail.com' logged in.
INFO 2026-09-21 09:54:10,809 views 24769 135162996586176 User 'admin@gmail.com' logged in.
INFO 2026-09-25 09:55:10,684 views 25450 128821550614208 User 'admin@gmail.com' logged in.
INFO 2026-09-27 10:04:09,956 views 25450 128821524387520 User 'admin@gmail.com' logged in.
INFO 2026-09-27 10:04:47,493 views 26296 128055983769280 User 'admin@gmail.com' logged in.
INFO 2026-09-28 10:35:10,790 views 26296 128055940757184 User 'admin@gmail.com' logged in.
INFO 2026-09-29 10:39:11,925 views 26296 128055940757184 User 'admin@gmail.com' logged in.
INFO 2026-10-01 10:39:11,274 views 26296 128055940757184 User 'admin@gmail.com' logged in.
INFO 2026-10-03 10:40:10,744 views 26296 128055940757184 User 'admin@gmail.com' logged in.
INFO 2026-10-04 10:42:11,325 views 26296 128055940757184 User 'admin@gmail.com' logged in.
INFO 2026-10-05 10:46:12,342 views 26296 128055949149888 User 'admin@gmail.com' logged in.
INFO 2026-10-06 10:47:09,785 views 26296 128055983769280 User 'admin@gmail.com' logged in.
INFO 2026-09-08 19:33:17,660 views 212386 136123391383232 User 'admin@gmail.com' logged in.
WARNING 2026-09-08 20:29:31,377 views 448919 125377844582080 Login attempt failed for user '.
INFO 2026-09-08 20:29:55,571 views 448919 125377844582080 User 'admin@gmail.com' logged in.
INFO 2026-09-08 20:49:36,024 views 604891 124343767209664 User 'admin@gmail.com' logged in.
INFO 2026-09-08 21:05:21,948 views 684185 136961764316864 User 'admin@gmail.com' logged in.
